sample_rank,matrix_row_id,题源,题号,是否进宝典,宝典节点,证据等级,formal_signal,objective_choice_boundary,weak_signal,source_pointer_exists,source_artifact,support_excerpt
1,M0125,2026石景山二模,Q17(3),是/保留或补入：弱证据已回源修复,联系的普遍性 / 联系的观点（总）,formal_rubric_optional_angle,true,false,false,true,04_fusion_audit\weak_gate_source_repair_resolution.csv:14,99_logs/weak_gate_sources/石景山区高三政治第二次模拟考试答案评分细则(1).txt
2,M0126,2026石景山二模,Q17(3),是/保留或补入：弱证据已回源修复,矛盾就是对立统一,formal_rubric_optional_angle,true,false,false,true,04_fusion_audit\weak_gate_source_repair_resolution.csv:15,99_logs/weak_gate_sources/石景山区高三政治第二次模拟考试答案评分细则(1).txt
3,M0127,2026石景山二模,Q17(3),是/保留或补入：弱证据已回源修复,实践是认识的基础,formal_rubric_optional_angle,true,false,false,true,04_fusion_audit\weak_gate_source_repair_resolution.csv:16,99_logs/weak_gate_sources/石景山区高三政治第二次模拟考试答案评分细则(1).txt
4,M1393,2026西城期末,Q16(2),是：已进入当前DOCX/PDF正文,一切从实际出发 / 实事求是 / 主观与客观具体的历史的统一,正式评分标准,true,false,true,true,"C:\Users\Administrator\Desktop\02_代码项目与工具\mac-thread-restore\beijing-politics-sync-visible\data\preprocessed_corpus\gpt_suite_bundles\2026各区模拟题__2026各区期末和期中__2026西城期末.md; C:\Users\Administrator\Desktop\02_代码项目与工具\mac-thread-restore\beijing-politics-sync-visible\data\preprocessed_corpus\gpt_sources\54715a1e650d940e_2026西城期末细则.md; raw rubric PDF: C:\Users\Administrator\Desktop\2026各区模拟题\2026各区期末和期中\2026西城期末\细则\2026西城期末细则.pdf; raw teacher PDF: C:\Users\Administrator\Desktop\2026各区模拟题\2026各区期末和期中\2026西城期末\试卷\2026北京西城高三（上）期末政治（教师版）.pdf; marking PPTX: C:\Users\Administrator\Desktop\2026各区模拟题\2026各区期末和期中\2026西城期末\西城高三期末评标.pptx; rubric OCR: C:\Users\Administrator\Desktop\02_代码项目与工具\mac-thread-restore\beijing-politics-sync-visible\reports\bixiu4_thread_recovery_opus47_2026-05-24\BATCH33_2026_XICHENG_FINAL_RUBRIC_OCR_TRANSCRIPTION_20260525.md; rubric lines: C:\Users\Administrator\Desktop\02_代码项目与工具\mac-thread-restore\beijing-politics-sync-visible\reports\bixiu4_thread_recovery_opus47_2026-05-24\BATCH33_2026_XICHENG_FINAL_RUBRIC_OCR_LINES_20260525.md; teacher OCR: C:\Users\Administrator\Desktop\02_代码项目与工具\mac-thread-restore\beijing-politics-sync-visible\reports\bixiu4_thread_recovery_opus47_2026-05-24\BATCH33_2026_XICHENG_FINAL_TEACHER_OCR_TRANSCRIPTION_20260525.md; teacher lines: C:\Users\Administrator\Desktop\02_代码项目与工具\mac-thread-restore\beijing-politics-sync-visible\reports\bixiu4_thread_recovery_opus47_2026-05-24\BATCH33_2026_XICHENG_FINAL_TEACHER_OCR_LINES_20260525.md; marking PPT extract: C:\Users\Administrator\Desktop\02_代码项目与工具\mac-thread-restore\beijing-politics-sync-visible\reports\bixiu4_thread_recovery_opus47_2026-05-24\BATCH33_2026_XICHENG_FINAL_PINGBIAO_PPTX_TRANSCRIPTION_20260525.md; source render manifest: C:\Users\Administrator\Desktop\02_代码项目与工具\mac-thread-restore\beijing-politics-sync-visible\reports\bixiu4_thread_recovery_opus47_2026-05-24\BATCH33_2026_XICHENG_FINAL_SOURCE_RENDER_MANIFEST.json; formal answer key: 1C,2B,3A,4D,5C,6C,7D,8B,9D,10B,11A,12C,13D,14C,15A.",正式评分细则page_002写明追求真实就是实现主观与客观事实相符合。
5,M1032,2025朝阳期末,Q16,是：已进入当前DOCX/PDF正文,人民群众,强细则,true,false,true,true,C:\Users\Administrator\Desktop\beijing_politics_research\data\preprocessed_corpus\gpt_suite_bundles\2025各区模拟题__2025各区期末__2025朝阳期末.md; C:\Users\Administrator\Desktop\beijing_politics_research\data\preprocessed_corpus\gpt_sources\195324f05d7e2fea_朝阳高三期末2025.md; C:\Users\Administrator\Desktop\beijing_politics_research\data\preprocessed_corpus\gpt_sources\ec82917288aa8774_2025北京朝阳高三_上_期末政治_教师版.md; C:\Users\Administrator\Desktop\beijing_politics_research\data\preprocessed_corpus\gpt_sources\953eaee3f98d8598_2025朝阳期末细则.md; current DOCX text verified before Batch23 insertion,PPT评分细则第137行明列“尊重人民群众主体地位/群众观点群众路线”
6,M0227,2026石景山一模,Q17(1),是：已进入当前DOCX/PDF正文,对立统一-阴阳/具体问题具体分析/系统-整体与部分/发展观,正式评分细则-综合角度+示例（非逐点细则）,true,false,false,true,C:\Users\Administrator\Desktop\2026各区模拟题\2026各区一模\2026石景山一模\2026石景山区高三一模评分细则.doc; C:\Users\Administrator\Desktop\02_代码项目与工具\mac-thread-restore\beijing-politics-sync-visible\reports\bixiu4_baodian_52_base_insert_second_mock_first_mock_audit_2026-05-24\01_source_inventory\suite_source_bundles\2026石景山一模.md; C:\Users\Administrator\Desktop\2026各区模拟题\2026各区一模\2026石景山一模\2026北京石景山高三一模政治（教师版）.pdf,石景山一模第17题正式评分细则写明：第（1）问可从规律、联系、发展、矛盾、文化传承与创新等角度回答；示例明确列出阴阳对立统一、具体问题具体分析、系统优化方法、人民至上价值观和中医药文化传承。
7,M0173,2025东城一模,Q18(1),是：已由当前DOCX覆盖,联系的普遍性/联系观点；发展的观点；主要矛盾；两点论与重点论,正式阅卷报告-可替换哲学原理明示+现有DOCX正文覆盖,true,false,false,true,01_source_inventory/suite_source_bundles/2025东城一模.md:76-87;418-424;578-581,18(1)虽以辩证思维设问，但阅卷报告明确整体性可替换为联系观点/系统优化，动态性可替换为发展/量变质变，抓主要矛盾可替换为两点论重点论。
8,M0110,2025丰台一模,Q18(3),是：已由当前DOCX覆盖,价值观的导向作用；价值判断与价值选择,正式评分标准-角度提示+现有DOCX正文覆盖（非逐点细则）,true,false,false,true,01_source_inventory/suite_source_bundles/2025丰台一模.md:88-97;417-420;546-559,Q18(3)评分标准明确可从价值观等角度阐述人与人工智能的关系；当前DOCX已有价值观相关Q18(3)条目。
9,M0462,2025石景山一模,Q16,是：当前DOCX已有Q16覆盖,联系观/发展观/矛盾观/中华优秀传统文化特点及当代价值,正式评分细则,true,false,false,true,data/preprocessed_corpus/gpt_suite_bundles/2025各区模拟题__2025各区一模__2025石景山一模.md:22-31; CURRENT_DOCX_2025_SHIJINGSHAN_YIMO_CONTEXT_20260525.md,2025石景山一模Q16正式非选择题评分细则明确：可选用联系观、发展观、矛盾观等相关哲理，解析“不数既往，不能知将来；不求远因，不能明近果”，并阐明中华优秀传统文化的特点和当代价值。
10,M1172,2026东城期末,Q16,是：已进入当前DOCX/PDF正文,整体与部分,正式细则,true,false,true,true,C:\Users\Administrator\Desktop\02_代码项目与工具\mac-thread-restore\beijing-politics-sync-visible\data\preprocessed_corpus\gpt_suite_bundles\2026各区模拟题__2026各区期末和期中__2026东城期末.md; C:\Users\Administrator\Desktop\02_代码项目与工具\mac-thread-restore\beijing-politics-sync-visible\data\preprocessed_corpus\gpt_sources\e4d67789c91d1b92_2026东城期末细则.md; C:\Users\Administrator\Desktop\02_代码项目与工具\mac-thread-restore\beijing-politics-sync-visible\data\preprocessed_corpus\gpt_sources\15664381470d8300_2026北京东城高三_上_期末政治_教师版.md; current DOCX verified: 7 existing unregistered 2026东城期末 headings were present before Batch27,细则第156行列“整体部分等”为哲学知识角度；用于说明“白”意象由局部表象联结整体文化深意
11,M1399,2026西城期末,Q16(2),是：已进入当前DOCX/PDF正文,物质决定意识,正式评分标准,true,false,true,true,"C:\Users\Administrator\Desktop\02_代码项目与工具\mac-thread-restore\beijing-politics-sync-visible\data\preprocessed_corpus\gpt_suite_bundles\2026各区模拟题__2026各区期末和期中__2026西城期末.md; C:\Users\Administrator\Desktop\02_代码项目与工具\mac-thread-restore\beijing-politics-sync-visible\data\preprocessed_corpus\gpt_sources\54715a1e650d940e_2026西城期末细则.md; raw rubric PDF: C:\Users\Administrator\Desktop\2026各区模拟题\2026各区期末和期中\2026西城期末\细则\2026西城期末细则.pdf; raw teacher PDF: C:\Users\Administrator\Desktop\2026各区模拟题\2026各区期末和期中\2026西城期末\试卷\2026北京西城高三（上）期末政治（教师版）.pdf; marking PPTX: C:\Users\Administrator\Desktop\2026各区模拟题\2026各区期末和期中\2026西城期末\西城高三期末评标.pptx; rubric OCR: C:\Users\Administrator\Desktop\02_代码项目与工具\mac-thread-restore\beijing-politics-sync-visible\reports\bixiu4_thread_recovery_opus47_2026-05-24\BATCH33_2026_XICHENG_FINAL_RUBRIC_OCR_TRANSCRIPTION_20260525.md; rubric lines: C:\Users\Administrator\Desktop\02_代码项目与工具\mac-thread-restore\beijing-politics-sync-visible\reports\bixiu4_thread_recovery_opus47_2026-05-24\BATCH33_2026_XICHENG_FINAL_RUBRIC_OCR_LINES_20260525.md; teacher OCR: C:\Users\Administrator\Desktop\02_代码项目与工具\mac-thread-restore\beijing-politics-sync-visible\reports\bixiu4_thread_recovery_opus47_2026-05-24\BATCH33_2026_XICHENG_FINAL_TEACHER_OCR_TRANSCRIPTION_20260525.md; teacher lines: C:\Users\Administrator\Desktop\02_代码项目与工具\mac-thread-restore\beijing-politics-sync-visible\reports\bixiu4_thread_recovery_opus47_2026-05-24\BATCH33_2026_XICHENG_FINAL_TEACHER_OCR_LINES_20260525.md; marking PPT extract: C:\Users\Administrator\Desktop\02_代码项目与工具\mac-thread-restore\beijing-politics-sync-visible\reports\bixiu4_thread_recovery_opus47_2026-05-24\BATCH33_2026_XICHENG_FINAL_PINGBIAO_PPTX_TRANSCRIPTION_20260525.md; source render manifest: C:\Users\Administrator\Desktop\02_代码项目与工具\mac-thread-restore\beijing-politics-sync-visible\reports\bixiu4_thread_recovery_opus47_2026-05-24\BATCH33_2026_XICHENG_FINAL_SOURCE_RENDER_MANIFEST.json; formal answer key: 1C,2B,3A,4D,5C,6C,7D,8B,9D,10B,11A,12C,13D,14C,15A.",正式评分细则page_002 Q16(2)唯物论角度写明“世界统一于物质（物质决定意识）”。
12,M1347,2026海淀期末,Q16,是：已进入当前DOCX/PDF正文,主观能动性 / 意识的能动作用,正式评分标准,true,false,true,true,"C:\Users\Administrator\Desktop\02_代码项目与工具\mac-thread-restore\beijing-politics-sync-visible\data\preprocessed_corpus\gpt_suite_bundles\2026各区模拟题__2026各区期末和期中__2026海淀期末.md; C:\Users\Administrator\Desktop\02_代码项目与工具\mac-thread-restore\beijing-politics-sync-visible\data\preprocessed_corpus\gpt_sources\7832041a93d37e1f_2026海淀期末细则.md; C:\Users\Administrator\Desktop\02_代码项目与工具\mac-thread-restore\beijing-politics-sync-visible\data\preprocessed_corpus\gpt_sources\ac3124113aec7062_2026北京海淀高三_上_期末政治_教师版.md; rubric OCR: C:\Users\Administrator\Desktop\02_代码项目与工具\mac-thread-restore\beijing-politics-sync-visible\reports\bixiu4_thread_recovery_opus47_2026-05-24\BATCH32_2026_HAIDIAN_FINAL_RUBRIC_OCR_TRANSCRIPTION_20260525.md; rubric lines: C:\Users\Administrator\Desktop\02_代码项目与工具\mac-thread-restore\beijing-politics-sync-visible\reports\bixiu4_thread_recovery_opus47_2026-05-24\BATCH32_2026_HAIDIAN_FINAL_RUBRIC_OCR_LINES_20260525.md; teacher OCR: C:\Users\Administrator\Desktop\02_代码项目与工具\mac-thread-restore\beijing-politics-sync-visible\reports\bixiu4_thread_recovery_opus47_2026-05-24\BATCH32_2026_HAIDIAN_FINAL_TEACHER_OCR_TRANSCRIPTION_20260525.md; teacher lines: C:\Users\Administrator\Desktop\02_代码项目与工具\mac-thread-restore\beijing-politics-sync-visible\reports\bixiu4_thread_recovery_opus47_2026-05-24\BATCH32_2026_HAIDIAN_FINAL_TEACHER_OCR_LINES_20260525.md; source render manifest: C:\Users\Administrator\Desktop\02_代码项目与工具\mac-thread-restore\beijing-politics-sync-visible\reports\bixiu4_thread_recovery_opus47_2026-05-24\BATCH32_2026_HAIDIAN_FINAL_SOURCE_RENDER_MANIFEST.json; teacher PDF text page 9 answer key: 1B,2A,3A,4C,5D,6C,7D,8A,9D,10B,11B,12C,13C,14B,15D; rubric OCR pages 1-2 formal Q16-Q17 scoring; rubric OCR page 6 formal Q21 scoring.",正式评分标准page_001 Q16列明“意识的能动作用”，并在行动角度列出主观能动性。
13,M0452,2025石景山一模,Q3,是：当前DOCX已有选择题链条覆盖,选择题链条：实践检验/主客观相符合/法宝话语辨析,选择题官方答案键+题干正确项；选择题边界已明示,true,true,true,true,data/preprocessed_corpus/gpt_suite_bundles/2025各区模拟题__2025各区一模__2025石景山一模.md:466-470; CURRENT_DOCX_2025_SHIJINGSHAN_YIMO_CONTEXT_20260525.md,教师版答案键Q3=A；当前DOCX已有“法宝”选择题链条，作为选择题正确项/错误项辨析，不冒充主观题评分细则。
14,M0072,2026房山一模,Q16(2),是：已由当前DOCX覆盖并登记ledger/accepted,尊重客观规律与发挥主观能动性相结合,评分细则原文明示,true,false,false,true,2026各区模拟题/2026各区一模/2026房山一模/26 房山一模评标 全.docx:paras13-21; 2026各区模拟题/2026各区一模/2026房山一模/细则/2026房山一模细则.docx:paras13-21; preprocessed_corpus/renders/e37482eff39f3618/page_007.png,房山一模评标/细则paras13-21明示：矛盾普遍性和特殊性的统一、一切从实际出发、尊重客观规律、发挥主观能动性、联系；高档要求融入大局中找定位/系统/整体。
15,M0357,2025丰台一模,Q4,是：已由当前DOCX覆盖,规律的客观性,选择题官方答案键+题干正确项链条+现有DOCX正文覆盖；选择题边界已明示,true,true,false,true,01_source_inventory/suite_source_bundles/2025丰台一模.md:214-226;468-504,Q4官方答案A，正确项②明确尊重自然规律，实现生态环境与基础设施和谐统一；当前DOCX已有Q4规律客观性条目。 边界：本行为选择题官方答案键/正确项链条，只用于选择题知识触发与错项辨析，不作为主观题稳定评分触发或评分细则证据。
16,M1118,2025海淀期末,Q7,是：客观选择题挂点，已在当前DOCX正文登记,价值判断与价值选择,教师版客观题答案,true,false,true,true,C:\Users\Administrator\Desktop\beijing_politics_research\data\preprocessed_corpus\gpt_suite_bundles\2025各区模拟题__2025各区期末__2025海淀期末.md; C:\Users\Administrator\Desktop\beijing_politics_research\data\preprocessed_corpus\gpt_sources\4b22b6c78aaddb3e_2025海淀期末细则.md; C:\Users\Administrator\Desktop\beijing_politics_research\data\preprocessed_corpus\gpt_sources\b960993a71bd93ca_2025北京海淀高三_上_期末政治_教师版.md; current DOCX verified: existing unregistered 2025海淀期末 headings were present before Batch25,教师版答案第7题A；正确项①支持人民利益最高价值标准
17,M1426,2026通州期末,Q7,是：客观选择题挂点，已在当前DOCX正文登记,量变与质变 / 适度原则,正式答案键+试卷原题（客观选择题）,true,false,true,true,"C:\Users\Administrator\Desktop\02_代码项目与工具\mac-thread-restore\beijing-politics-sync-visible\data\preprocessed_corpus\gpt_suite_bundles\2026各区模拟题__2026各区期末和期中__2026通州期末.md; C:\Users\Administrator\Desktop\02_代码项目与工具\mac-thread-restore\beijing-politics-sync-visible\data\preprocessed_corpus\gpt_sources\44537714bd68a7c1_2026通州期末细则.md; C:\Users\Administrator\Desktop\02_代码项目与工具\mac-thread-restore\beijing-politics-sync-visible\data\preprocessed_corpus\gpt_sources\7f3083ea306ea1e9_2026北京通州高三_上_期末政治_教师版.md; raw formal rubric PPTX: C:\Users\Administrator\Desktop\2026各区模拟题\2026各区期末和期中\2026通州期末\细则\2026通州期末细则.pptx; raw teacher PDF: C:\Users\Administrator\Desktop\2026各区模拟题\2026各区期末和期中\2026通州期末\试卷\2026北京通州高三（上）期末政治（教师版）.pdf; lecture/marking PPTX: C:\Users\Administrator\Desktop\2026各区模拟题\2026各区期末和期中\2026通州期末\2026通州期末试卷讲评.pptx; formal answer key: 1A,2D,3B,4D,5C,6A,7B,8D,9D,10B,11C,12A,13C,14A,15B.",正式答案键7B；正确选项④对应“量变是质变的必要准备，要重视量的积累”，仅作客观选择题挂点。
18,M1108,2025海淀期末,Q17(2),是：已进入当前DOCX/PDF正文,量变与质变 / 适度原则,强细则/PPT评标细则,true,false,true,true,C:\Users\Administrator\Desktop\beijing_politics_research\data\preprocessed_corpus\gpt_suite_bundles\2025各区模拟题__2025各区期末__2025海淀期末.md; C:\Users\Administrator\Desktop\beijing_politics_research\data\preprocessed_corpus\gpt_sources\4b22b6c78aaddb3e_2025海淀期末细则.md; C:\Users\Administrator\Desktop\beijing_politics_research\data\preprocessed_corpus\gpt_sources\b960993a71bd93ca_2025北京海淀高三_上_期末政治_教师版.md; current DOCX verified: existing unregistered 2025海淀期末 headings were present before Batch25,PPT细则第69-130行明列“量变是质变的前提和必要准备”
19,M1388,2026西城期末,Q21,是：已进入当前DOCX/PDF正文,一切从实际出发 / 实事求是 / 主观与客观具体的历史的统一,正式评分标准,true,false,true,true,"C:\Users\Administrator\Desktop\02_代码项目与工具\mac-thread-restore\beijing-politics-sync-visible\data\preprocessed_corpus\gpt_suite_bundles\2026各区模拟题__2026各区期末和期中__2026西城期末.md; C:\Users\Administrator\Desktop\02_代码项目与工具\mac-thread-restore\beijing-politics-sync-visible\data\preprocessed_corpus\gpt_sources\54715a1e650d940e_2026西城期末细则.md; raw rubric PDF: C:\Users\Administrator\Desktop\2026各区模拟题\2026各区期末和期中\2026西城期末\细则\2026西城期末细则.pdf; raw teacher PDF: C:\Users\Administrator\Desktop\2026各区模拟题\2026各区期末和期中\2026西城期末\试卷\2026北京西城高三（上）期末政治（教师版）.pdf; marking PPTX: C:\Users\Administrator\Desktop\2026各区模拟题\2026各区期末和期中\2026西城期末\西城高三期末评标.pptx; rubric OCR: C:\Users\Administrator\Desktop\02_代码项目与工具\mac-thread-restore\beijing-politics-sync-visible\reports\bixiu4_thread_recovery_opus47_2026-05-24\BATCH33_2026_XICHENG_FINAL_RUBRIC_OCR_TRANSCRIPTION_20260525.md; rubric lines: C:\Users\Administrator\Desktop\02_代码项目与工具\mac-thread-restore\beijing-politics-sync-visible\reports\bixiu4_thread_recovery_opus47_2026-05-24\BATCH33_2026_XICHENG_FINAL_RUBRIC_OCR_LINES_20260525.md; teacher OCR: C:\Users\Administrator\Desktop\02_代码项目与工具\mac-thread-restore\beijing-politics-sync-visible\reports\bixiu4_thread_recovery_opus47_2026-05-24\BATCH33_2026_XICHENG_FINAL_TEACHER_OCR_TRANSCRIPTION_20260525.md; teacher lines: C:\Users\Administrator\Desktop\02_代码项目与工具\mac-thread-restore\beijing-politics-sync-visible\reports\bixiu4_thread_recovery_opus47_2026-05-24\BATCH33_2026_XICHENG_FINAL_TEACHER_OCR_LINES_20260525.md; marking PPT extract: C:\Users\Administrator\Desktop\02_代码项目与工具\mac-thread-restore\beijing-politics-sync-visible\reports\bixiu4_thread_recovery_opus47_2026-05-24\BATCH33_2026_XICHENG_FINAL_PINGBIAO_PPTX_TRANSCRIPTION_20260525.md; source render manifest: C:\Users\Administrator\Desktop\02_代码项目与工具\mac-thread-restore\beijing-politics-sync-visible\reports\bixiu4_thread_recovery_opus47_2026-05-24\BATCH33_2026_XICHENG_FINAL_SOURCE_RENDER_MANIFEST.json; formal answer key: 1C,2B,3A,4D,5C,6C,7D,8B,9D,10B,11A,12C,13D,14C,15A.",正式评分细则page_005 Q21角度3列出“实事求是”。
20,M0239,2026朝阳二模,Q16,是：已在最终DOCX覆盖（无需新增）,矛盾就是对立统一；辩证否定 / 守正创新；矛盾的特殊性 / 具体问题具体分析；价值观的导向作用,强细则,true,false,false,true,03_claudecode_lane\claudecode_b_full_coverage_rerun_20260524.csv:44,"2026朝阳二模第16题评分标准：围绕“如何传承”、“如何创新”、“辩证处理传承与创新关系”、“社会主义核心价值观”四个维度，明确支持对立统一、辩证否定/守正创新、具体问题具体分析和价值观导向作用；source bundle lines 123-148, 505-524."
21,M0108,2025丰台一模,Q18(3),是：已由当前DOCX覆盖,发展的观点 / 发展的普遍性,正式评分标准-角度提示+现有DOCX正文覆盖（非逐点细则）,true,false,false,true,01_source_inventory/suite_source_bundles/2025丰台一模.md:88-97;417-420;546-559,Q18(3)评分标准明确可从发展观等角度阐述人与人工智能的关系；当前DOCX已有发展观Q18(3)条目。
22,M0685,2026丰台二模,Q16,是：已由当前DOCX覆盖,矛盾特殊性/规律与能动性/系统优化/发展观/价值观,正式阅卷PPT+当前DOCX正文覆盖,true,false,false,true,C:\Users\Administrator\Desktop\2026各区模拟题\2026各区二模\2026丰台二模\细则\2026丰台区二模主观题阅卷细则(1).pptx; C:\Users\Administrator\Desktop\2026各区模拟题\2026各区二模\2026丰台二模\试卷\2026北京丰台高三二模政治（教师版）.pdf; C:\Users\Administrator\Desktop\2026各区模拟题\2026各区二模\2026丰台二模\细则\高三政治答案.docx,丰台二模Q16正式阅卷PPT第2-4页已列哲学角度，当前DOCX已有5处Q16正文条目（M0013-M0017）覆盖。
23,M1392,2026西城期末,Q16(1),是：已进入当前DOCX/PDF正文,人民群众,正式评分标准宽角度/术语支持,true,false,true,true,"C:\Users\Administrator\Desktop\02_代码项目与工具\mac-thread-restore\beijing-politics-sync-visible\data\preprocessed_corpus\gpt_suite_bundles\2026各区模拟题__2026各区期末和期中__2026西城期末.md; C:\Users\Administrator\Desktop\02_代码项目与工具\mac-thread-restore\beijing-politics-sync-visible\data\preprocessed_corpus\gpt_sources\54715a1e650d940e_2026西城期末细则.md; raw rubric PDF: C:\Users\Administrator\Desktop\2026各区模拟题\2026各区期末和期中\2026西城期末\细则\2026西城期末细则.pdf; raw teacher PDF: C:\Users\Administrator\Desktop\2026各区模拟题\2026各区期末和期中\2026西城期末\试卷\2026北京西城高三（上）期末政治（教师版）.pdf; marking PPTX: C:\Users\Administrator\Desktop\2026各区模拟题\2026各区期末和期中\2026西城期末\西城高三期末评标.pptx; rubric OCR: C:\Users\Administrator\Desktop\02_代码项目与工具\mac-thread-restore\beijing-politics-sync-visible\reports\bixiu4_thread_recovery_opus47_2026-05-24\BATCH33_2026_XICHENG_FINAL_RUBRIC_OCR_TRANSCRIPTION_20260525.md; rubric lines: C:\Users\Administrator\Desktop\02_代码项目与工具\mac-thread-restore\beijing-politics-sync-visible\reports\bixiu4_thread_recovery_opus47_2026-05-24\BATCH33_2026_XICHENG_FINAL_RUBRIC_OCR_LINES_20260525.md; teacher OCR: C:\Users\Administrator\Desktop\02_代码项目与工具\mac-thread-restore\beijing-politics-sync-visible\reports\bixiu4_thread_recovery_opus47_2026-05-24\BATCH33_2026_XICHENG_FINAL_TEACHER_OCR_TRANSCRIPTION_20260525.md; teacher lines: C:\Users\Administrator\Desktop\02_代码项目与工具\mac-thread-restore\beijing-politics-sync-visible\reports\bixiu4_thread_recovery_opus47_2026-05-24\BATCH33_2026_XICHENG_FINAL_TEACHER_OCR_LINES_20260525.md; marking PPT extract: C:\Users\Administrator\Desktop\02_代码项目与工具\mac-thread-restore\beijing-politics-sync-visible\reports\bixiu4_thread_recovery_opus47_2026-05-24\BATCH33_2026_XICHENG_FINAL_PINGBIAO_PPTX_TRANSCRIPTION_20260525.md; source render manifest: C:\Users\Administrator\Desktop\02_代码项目与工具\mac-thread-restore\beijing-politics-sync-visible\reports\bixiu4_thread_recovery_opus47_2026-05-24\BATCH33_2026_XICHENG_FINAL_SOURCE_RENDER_MANIFEST.json; formal answer key: 1C,2B,3A,4D,5C,6C,7D,8B,9D,10B,11A,12C,13D,14C,15A.",正式评分细则page_001 Q16(1)角度1变通写明“人民群众是精神财富的创造者，要坚持人民主体”。
24,M0538,2026东城一模,Q19(4),是：当前DOCX已覆盖,系统观念 / 系统优化,正式PPT评分细则+当前DOCX正文,true,false,false,true,preprocessed_corpus\gpt_suite_bundles\2026各区模拟题__2026各区一模__2026东城一模.md:1059-1091,正式PPT细则明确系统观念知识1分，要求立足整体、综合思维、结构优化、整体功能等；当前DOCX已有Q19(4)系统观念条目。创新思维部分属于选必三边界，不在必修四正文扩展。
25,M0202,2024西城一模,Q17,是：已进入当前DOCX/PDF正文,Q17多节点已由当前DOCX覆盖,正式评分细则,true,false,false,true,data\preprocessed_corpus\gpt_suite_bundles\2024各区模拟题__2024各区一模__2024西城一模.md:82-110,当前DOCX已有Q17在规律与能动性、系统观念、发展、矛盾、实践、价值观等节点的正文条目。
26,M1139,2025西城期末,Q18,是：已进入当前DOCX/PDF正文,事物发展是前进性与曲折性的统一,强细则/节点解释延展,true,false,true,true,C:\Users\Administrator\Desktop\02_代码项目与工具\mac-thread-restore\beijing-politics-sync-visible\data\preprocessed_corpus\gpt_suite_bundles\2025各区模拟题__2025各区期末__2025西城期末.md; C:\Users\Administrator\Desktop\02_代码项目与工具\mac-thread-restore\beijing-politics-sync-visible\data\preprocessed_corpus\gpt_sources\89d264a31e348be6_2025西城期末细则.md; C:\Users\Administrator\Desktop\02_代码项目与工具\mac-thread-restore\beijing-politics-sync-visible\data\preprocessed_corpus\gpt_sources\6662da1c2772cc38_2025北京西城高三_上_期末政治_教师版.md; current DOCX verified: 10 existing unregistered 2025西城期末 headings were present before Batch26,正式细则第106-108行支持新事物发展过程和技术恐惧的两面性；按新事物成长曲折性登记
27,M0924,2024朝阳期中,Q16,是：已进入当前DOCX/PDF正文,社会发展的两大基本规律和基本矛盾,正式阅卷细则+当前DOCX正文,true,false,false,true,BATCH19_2024_CHAOYANG_MIDTERM_SOURCE_TRANSCRIPTION_20260525.md; C:/Users/Administrator/Desktop/beijing_politics_research/data/preprocessed_corpus/gpt_suite_bundles/2024各区模拟题__2024各区期中__2024朝阳期中.md; C:/Users/Administrator/Desktop/2024各区模拟题/2024各区期中/2024朝阳期中/细则/2024朝阳期中细则.rtf; current DOCX text verified,正式评分细则：社会存在决定社会意识、人民群众是社会历史主体和创造者、生产关系适应生产力/上层建筑适应经济基础、改革是社会主义社会发展的直接动力等。
28,M0552,2026延庆一模,Q4,是：已进入当前DOCX/PDF正文,价值判断与价值选择,官方答案键+题干正确项链条（选择题，非主观题评分细则）,true,true,false,true,preprocessed_corpus\gpt_suite_bundles\2026各区模拟题__2026各区一模__2026延庆一模.md:199-207; preprocessed_corpus\gpt_suite_bundles\2026各区模拟题__2026各区一模__2026延庆一模.md:440-442,官方答案A支持①②；正文补①，②作为选择题信息记录。
29,M0640,2026门头沟一模,Q4,是：已由当前DOCX覆盖并登记ledger/accepted,一切从实际出发 / 实事求是 / 主观与客观具体的历史的统一,选择题官方答案键+正确选项④；选择题边界已明示,true,true,false,true,01_source_inventory/suite_source_bundles/2026门头沟一模.md:195-203;87-88;1012-1013,Q4官方答案B（①④），其中④明确坚持从实际出发；①为文化经济交融，不另入哲学节点。 边界：本行为选择题官方答案键/正确项链条，只用于选择题知识触发与错项辨析，不作为主观题稳定评分触发或评分细则证据。
30,M0099,2025房山一模,Q16(1),是：当前DOCX已覆盖,矛盾就是对立统一,强细则,true,false,false,true,preprocessed_corpus\gpt_suite_bundles\2025各区模拟题__2025各区一模__2025房山一模.md:29-45,正式细则哲学3分第②点：一分为二全面看问题2分，或矛盾/辩证看问题1分。
31,M0010,2026朝阳二模,Q16,是：已进入当前DOCX/PDF正文,价值观的导向作用,强阅卷版,true,false,false,true,04_fusion_audit\student_patch_entries.accepted.jsonl:10,正式阅卷细则：落实社会主义核心价值观维度列“价值观导向作用/社会意识作用”。
32,M1356,2026海淀期末,Q17,是：已进入当前DOCX/PDF正文,价值观的导向作用,正式评分标准,true,false,true,true,"C:\Users\Administrator\Desktop\02_代码项目与工具\mac-thread-restore\beijing-politics-sync-visible\data\preprocessed_corpus\gpt_suite_bundles\2026各区模拟题__2026各区期末和期中__2026海淀期末.md; C:\Users\Administrator\Desktop\02_代码项目与工具\mac-thread-restore\beijing-politics-sync-visible\data\preprocessed_corpus\gpt_sources\7832041a93d37e1f_2026海淀期末细则.md; C:\Users\Administrator\Desktop\02_代码项目与工具\mac-thread-restore\beijing-politics-sync-visible\data\preprocessed_corpus\gpt_sources\ac3124113aec7062_2026北京海淀高三_上_期末政治_教师版.md; rubric OCR: C:\Users\Administrator\Desktop\02_代码项目与工具\mac-thread-restore\beijing-politics-sync-visible\reports\bixiu4_thread_recovery_opus47_2026-05-24\BATCH32_2026_HAIDIAN_FINAL_RUBRIC_OCR_TRANSCRIPTION_20260525.md; rubric lines: C:\Users\Administrator\Desktop\02_代码项目与工具\mac-thread-restore\beijing-politics-sync-visible\reports\bixiu4_thread_recovery_opus47_2026-05-24\BATCH32_2026_HAIDIAN_FINAL_RUBRIC_OCR_LINES_20260525.md; teacher OCR: C:\Users\Administrator\Desktop\02_代码项目与工具\mac-thread-restore\beijing-politics-sync-visible\reports\bixiu4_thread_recovery_opus47_2026-05-24\BATCH32_2026_HAIDIAN_FINAL_TEACHER_OCR_TRANSCRIPTION_20260525.md; teacher lines: C:\Users\Administrator\Desktop\02_代码项目与工具\mac-thread-restore\beijing-politics-sync-visible\reports\bixiu4_thread_recovery_opus47_2026-05-24\BATCH32_2026_HAIDIAN_FINAL_TEACHER_OCR_LINES_20260525.md; source render manifest: C:\Users\Administrator\Desktop\02_代码项目与工具\mac-thread-restore\beijing-politics-sync-visible\reports\bixiu4_thread_recovery_opus47_2026-05-24\BATCH32_2026_HAIDIAN_FINAL_SOURCE_RENDER_MANIFEST.json; teacher PDF text page 9 answer key: 1B,2A,3A,4C,5D,6C,7D,8A,9D,10B,11B,12C,13C,14B,15D; rubric OCR pages 1-2 formal Q16-Q17 scoring; rubric OCR page 6 formal Q21 scoring.",正式评分标准page_002 Q17哲学知识栏列出“价值观的导向作用”。
33,M1256,2026朝阳期中,Q19,是：已进入当前DOCX/PDF正文,价值观的导向作用,正式细则,true,false,true,true,C:\Users\Administrator\Desktop\02_代码项目与工具\mac-thread-restore\beijing-politics-sync-visible\data\preprocessed_corpus\gpt_suite_bundles\2026各区模拟题__2026各区期末和期中__2026朝阳期中.md; C:\Users\Administrator\Desktop\02_代码项目与工具\mac-thread-restore\beijing-politics-sync-visible\data\preprocessed_corpus\gpt_sources\885e694cf464c22b_2026朝阳期中细则.md; duplicate rubric cache: C:\Users\Administrator\Desktop\02_代码项目与工具\mac-thread-restore\beijing-politics-sync-visible\data\preprocessed_corpus\gpt_sources\885e694cf464c22b_2025.11朝阳期中政治评标.md; C:\Users\Administrator\Desktop\02_代码项目与工具\mac-thread-restore\beijing-politics-sync-visible\data\preprocessed_corpus\gpt_sources\5a53b5c6863d7f95_2025北京朝阳高三_上_期中政治_教师版.md; teacher-version answer key lines 580-585; Q4 paper lines 373-380; Q7 paper lines 399-410; Q14 paper lines 455-461; Q18 prompt/rubric lines 52-85; Q19 prompt/rubric lines 87-104; current DOCX verified: 11 existing unregistered 2026朝阳期中 headings were present before Batch29,正式评分细则第98-99行：为什么弘扬列正确价值观的导向作用
34,M0024,2026通州一模,Q18,是：已进入当前DOCX/PDF正文,辩证否定 / 守正创新,强细则,true,false,false,true,04_fusion_audit\student_patch_entries.accepted.jsonl:24; 01_source_inventory\suite_source_bundles\2026通州一模.md:169-178,通州一模评标Q18：评分细则写“辩证否定观（1分），既保留历史记忆，又注入时代元素，实现传统与现代融合（1分）”；“双创”只作文化表达边界，不单独立哲学节点。
35,M0567,2026房山一模,Q18,是：已由当前DOCX覆盖并补齐两点论与重点论条目,系统观念/量变质变/具体问题具体分析/两点论与重点论,评分细则原文明示,true,false,false,true,2026各区模拟题/2026各区一模/2026房山一模/26 房山一模评标 全.docx:paras42-49; 2026各区模拟题/2026各区一模/2026房山一模/细则/2026房山一模细则.docx:paras42-49; preprocessed_corpus/renders/e37482eff39f3618/page_009.png,房山一模评标/细则paras42-49明示：整体性/系统优化、质量互变/发展、具体问题具体分析、两点论与重点论统一、立足实践。
36,M0916,2024朝阳期中,Q4,是：已进入当前DOCX/PDF正文,系统观念 / 系统优化,客观答案表+题面正确项；非主观评分细则,true,false,false,true,BATCH19_2024_CHAOYANG_MIDTERM_SOURCE_TRANSCRIPTION_20260525.md; C:/Users/Administrator/Desktop/beijing_politics_research/data/preprocessed_corpus/gpt_suite_bundles/2024各区模拟题__2024各区期中__2024朝阳期中.md; C:/Users/Administrator/Desktop/2024各区模拟题/2024各区期中/2024朝阳期中/细则/2024朝阳期中细则.rtf; current DOCX text verified,官方答案C（②④）：系统优化方法；保留原有方法基础上增加新防治手段体现创新意识。
37,M0970,2025东城期末,Q21,是：已进入当前DOCX/PDF正文,人民群众,正式讲评/评分细则+题面材料+当前DOCX正文,true,false,false,true,C:\Users\Administrator\Desktop\beijing_politics_research\data\preprocessed_corpus\gpt_suite_bundles\2025各区模拟题__2025各区期末__2025东城期末.md; C:\Users\Administrator\Desktop\beijing_politics_research\data\preprocessed_corpus\gpt_sources\5b78436dd863858b_2025_1东城讲评_修改.md; C:\Users\Administrator\Desktop\beijing_politics_research\data\preprocessed_corpus\gpt_sources\26b1173765262a2f_2025东城期末细则.md; C:\Users\Administrator\Desktop\beijing_politics_research\data\preprocessed_corpus\gpt_sources\8eda36bd87dba194_2025北京东城高三_上_期末政治_教师版.md; current DOCX text verified after Batch21 insertion,评分细则价值取向层列出人民性/群众观，材料链条为人民立场、发展为民生、治理重民生。
38,M1362,2026海淀期末,Q21,是：已进入当前DOCX/PDF正文,人民群众,正式评分标准,true,false,true,true,"C:\Users\Administrator\Desktop\02_代码项目与工具\mac-thread-restore\beijing-politics-sync-visible\data\preprocessed_corpus\gpt_suite_bundles\2026各区模拟题__2026各区期末和期中__2026海淀期末.md; C:\Users\Administrator\Desktop\02_代码项目与工具\mac-thread-restore\beijing-politics-sync-visible\data\preprocessed_corpus\gpt_sources\7832041a93d37e1f_2026海淀期末细则.md; C:\Users\Administrator\Desktop\02_代码项目与工具\mac-thread-restore\beijing-politics-sync-visible\data\preprocessed_corpus\gpt_sources\ac3124113aec7062_2026北京海淀高三_上_期末政治_教师版.md; rubric OCR: C:\Users\Administrator\Desktop\02_代码项目与工具\mac-thread-restore\beijing-politics-sync-visible\reports\bixiu4_thread_recovery_opus47_2026-05-24\BATCH32_2026_HAIDIAN_FINAL_RUBRIC_OCR_TRANSCRIPTION_20260525.md; rubric lines: C:\Users\Administrator\Desktop\02_代码项目与工具\mac-thread-restore\beijing-politics-sync-visible\reports\bixiu4_thread_recovery_opus47_2026-05-24\BATCH32_2026_HAIDIAN_FINAL_RUBRIC_OCR_LINES_20260525.md; teacher OCR: C:\Users\Administrator\Desktop\02_代码项目与工具\mac-thread-restore\beijing-politics-sync-visible\reports\bixiu4_thread_recovery_opus47_2026-05-24\BATCH32_2026_HAIDIAN_FINAL_TEACHER_OCR_TRANSCRIPTION_20260525.md; teacher lines: C:\Users\Administrator\Desktop\02_代码项目与工具\mac-thread-restore\beijing-politics-sync-visible\reports\bixiu4_thread_recovery_opus47_2026-05-24\BATCH32_2026_HAIDIAN_FINAL_TEACHER_OCR_LINES_20260525.md; source render manifest: C:\Users\Administrator\Desktop\02_代码项目与工具\mac-thread-restore\beijing-politics-sync-visible\reports\bixiu4_thread_recovery_opus47_2026-05-24\BATCH32_2026_HAIDIAN_FINAL_SOURCE_RENDER_MANIFEST.json; teacher PDF text page 9 answer key: 1B,2A,3A,4C,5D,6C,7D,8A,9D,10B,11B,12C,13C,14B,15D; rubric OCR pages 1-2 formal Q16-Q17 scoring; rubric OCR page 6 formal Q21 scoring.",正式评分标准page_006 Q21“以人民为中心”角度写明人民群众是历史的主体，坚持群众观点、群众路线。
39,M1096,2025海淀期末,Q16,是：已进入当前DOCX/PDF正文,根据固有联系建立新的具体联系,强细则/PPT评标细则,true,false,true,true,C:\Users\Administrator\Desktop\beijing_politics_research\data\preprocessed_corpus\gpt_suite_bundles\2025各区模拟题__2025各区期末__2025海淀期末.md; C:\Users\Administrator\Desktop\beijing_politics_research\data\preprocessed_corpus\gpt_sources\4b22b6c78aaddb3e_2025海淀期末细则.md; C:\Users\Administrator\Desktop\beijing_politics_research\data\preprocessed_corpus\gpt_sources\b960993a71bd93ca_2025北京海淀高三_上_期末政治_教师版.md; current DOCX verified: existing unregistered 2025海淀期末 headings were present before Batch25,PPT细则第37-44行明列“根据固有联系建立新的联系”
40,M0015,2026丰台二模,Q16,是：已进入当前DOCX/PDF正文,系统观念 / 系统优化,强阅卷版,true,false,false,true,04_fusion_audit\student_patch_entries.accepted.jsonl:15,丰台主观题阅卷说明：哲学角度列“联系观点/系统优化”。
41,M1116,2025海淀期末,Q6,是：客观选择题挂点，已在当前DOCX正文登记,实践与认识（总）,教师版客观题答案,true,false,true,true,C:\Users\Administrator\Desktop\beijing_politics_research\data\preprocessed_corpus\gpt_suite_bundles\2025各区模拟题__2025各区期末__2025海淀期末.md; C:\Users\Administrator\Desktop\beijing_politics_research\data\preprocessed_corpus\gpt_sources\4b22b6c78aaddb3e_2025海淀期末细则.md; C:\Users\Administrator\Desktop\beijing_politics_research\data\preprocessed_corpus\gpt_sources\b960993a71bd93ca_2025北京海淀高三_上_期末政治_教师版.md; current DOCX verified: existing unregistered 2025海淀期末 headings were present before Batch25,教师版答案第6题B；正确项④支持实践与认识相互作用
42,M0157,2026房山二模,Q16,是：已由当前DOCX覆盖,尊重规律与能动性/系统观念/量变质变,正式评分细则+当前DOCX正文覆盖,true,false,false,true,C:\Users\Administrator\Desktop\2026各区模拟题\2026各区二模\2026房山二模\细则\26房山评标(2).docx; C:\Users\Administrator\Desktop\02_代码项目与工具\mac-thread-restore\beijing-politics-sync-visible\reports\bixiu4_baodian_52_base_insert_second_mock_first_mock_audit_2026-05-24\01_source_inventory\suite_source_bundles\2026房山二模.md; C:\Users\Administrator\Desktop\2026各区模拟题\2026各区二模\2026房山二模\试卷\2026北京房山高三二模政治（教师版）.pdf,Q16正式评分细则列正确发挥主观能动性、系统观念、矛盾、中华文明特征等角度；当前DOCX已有Q16三处哲学正文条目覆盖。
43,M1147,2025西城期末,Q21,是：已进入当前DOCX/PDF正文,改革 / 改革的实质,强细则,true,false,true,true,C:\Users\Administrator\Desktop\02_代码项目与工具\mac-thread-restore\beijing-politics-sync-visible\data\preprocessed_corpus\gpt_suite_bundles\2025各区模拟题__2025各区期末__2025西城期末.md; C:\Users\Administrator\Desktop\02_代码项目与工具\mac-thread-restore\beijing-politics-sync-visible\data\preprocessed_corpus\gpt_sources\89d264a31e348be6_2025西城期末细则.md; C:\Users\Administrator\Desktop\02_代码项目与工具\mac-thread-restore\beijing-politics-sync-visible\data\preprocessed_corpus\gpt_sources\6662da1c2772cc38_2025北京西城高三_上_期末政治_教师版.md; current DOCX verified: 10 existing unregistered 2025西城期末 headings were present before Batch26,正式细则第190-193行明列改革是社会主义制度的自我完善和自我发展
44,M0032,2026顺义二模,Q16,是：已进入当前DOCX/PDF正文,实践是认识的基础,强阅卷版,true,false,false,true,04_fusion_audit\student_patch_entries.accepted.jsonl:32,顺义二模评标doc第16题阅卷版：评标说明列“实践观点”；阅卷版明确“一切从实际出发，实事求是/实践是认识的基础/社会存在决定社会意识”，并写“群众的实践活动是新大众文艺创作的源泉”。
45,M0151,2026朝阳二模,Q16,是：已在最终DOCX覆盖（无需新增）,Q16：矛盾/联系/辩证否定或发展/具体问题具体分析/价值观,强细则,true,false,false,true,03_claudecode_lane\claudecode_b_coverage_matrix.csv:7,source bundle lines 123-148 and 505-524 give Q16 detailed scoring dimensions.
46,M1445,2026通州期末,Q16,是：已进入当前DOCX/PDF正文,量变与质变 / 适度原则,正式评分标准宽角度/术语支持,true,false,true,true,"C:\Users\Administrator\Desktop\02_代码项目与工具\mac-thread-restore\beijing-politics-sync-visible\data\preprocessed_corpus\gpt_suite_bundles\2026各区模拟题__2026各区期末和期中__2026通州期末.md; C:\Users\Administrator\Desktop\02_代码项目与工具\mac-thread-restore\beijing-politics-sync-visible\data\preprocessed_corpus\gpt_sources\44537714bd68a7c1_2026通州期末细则.md; C:\Users\Administrator\Desktop\02_代码项目与工具\mac-thread-restore\beijing-politics-sync-visible\data\preprocessed_corpus\gpt_sources\7f3083ea306ea1e9_2026北京通州高三_上_期末政治_教师版.md; raw formal rubric PPTX: C:\Users\Administrator\Desktop\2026各区模拟题\2026各区期末和期中\2026通州期末\细则\2026通州期末细则.pptx; raw teacher PDF: C:\Users\Administrator\Desktop\2026各区模拟题\2026各区期末和期中\2026通州期末\试卷\2026北京通州高三（上）期末政治（教师版）.pdf; lecture/marking PPTX: C:\Users\Administrator\Desktop\2026各区模拟题\2026各区期末和期中\2026通州期末\2026通州期末试卷讲评.pptx; formal answer key: 1A,2D,3B,4D,5C,6A,7B,8D,9D,10B,11C,12A,13C,14A,15B.",正式细则第16题发展观括注“质变量变”。
47,M1114,2025海淀期末,Q5,是：客观选择题挂点，已在当前DOCX正文登记,尊重客观规律与发挥主观能动性相结合,教师版客观题答案,true,false,true,true,C:\Users\Administrator\Desktop\beijing_politics_research\data\preprocessed_corpus\gpt_suite_bundles\2025各区模拟题__2025各区期末__2025海淀期末.md; C:\Users\Administrator\Desktop\beijing_politics_research\data\preprocessed_corpus\gpt_sources\4b22b6c78aaddb3e_2025海淀期末细则.md; C:\Users\Administrator\Desktop\beijing_politics_research\data\preprocessed_corpus\gpt_sources\b960993a71bd93ca_2025北京海淀高三_上_期末政治_教师版.md; current DOCX verified: existing unregistered 2025海淀期末 headings were present before Batch25,教师版答案第5题D；正确项③支持规律与能动性组合
48,M0065,2026西城一模,Q21,是：已进入当前DOCX/PDF正文,尊重客观规律与发挥主观能动性相结合,强细则,true,false,false,true,data\preprocessed_corpus\gpt_suite_bundles\2026各区模拟题__2026各区一模__2026西城一模.md:100-110;334-358,Q21正式阅卷细则明确可用规律与主观能动性的关系；当前DOCX围绕关键时期尊重规律并主动探索展开。
49,M0349,2025东城一模,Q18,是：已由当前DOCX覆盖,联系观点/发展观点/主要矛盾/两点论重点论,正式阅卷报告-可替换哲学原理明示+现有DOCX正文覆盖,true,false,false,true,01_source_inventory/suite_source_bundles/2025东城一模.md:76-126;418-429;578-586,Q18(1)正式阅卷报告明确联系、系统优化、发展、量变质变、主要矛盾、两点论重点论等可替换哲学原理。
50,M1243,2026朝阳期中,Q18,是：已进入当前DOCX/PDF正文,主观能动性 / 意识的能动作用,正式细则,true,false,true,true,C:\Users\Administrator\Desktop\02_代码项目与工具\mac-thread-restore\beijing-politics-sync-visible\data\preprocessed_corpus\gpt_suite_bundles\2026各区模拟题__2026各区期末和期中__2026朝阳期中.md; C:\Users\Administrator\Desktop\02_代码项目与工具\mac-thread-restore\beijing-politics-sync-visible\data\preprocessed_corpus\gpt_sources\885e694cf464c22b_2026朝阳期中细则.md; duplicate rubric cache: C:\Users\Administrator\Desktop\02_代码项目与工具\mac-thread-restore\beijing-politics-sync-visible\data\preprocessed_corpus\gpt_sources\885e694cf464c22b_2025.11朝阳期中政治评标.md; C:\Users\Administrator\Desktop\02_代码项目与工具\mac-thread-restore\beijing-politics-sync-visible\data\preprocessed_corpus\gpt_sources\5a53b5c6863d7f95_2025北京朝阳高三_上_期中政治_教师版.md; teacher-version answer key lines 580-585; Q4 paper lines 373-380; Q7 paper lines 399-410; Q14 paper lines 455-461; Q18 prompt/rubric lines 52-85; Q19 prompt/rubric lines 87-104; current DOCX verified: 11 existing unregistered 2026朝阳期中 headings were present before Batch29,正式评分细则第60-62、78-81行：反对理由列主观能动性，并指向过度依赖削弱现实交往能力
51,M1047,2025朝阳期末,Q22,是：已进入当前DOCX/PDF正文,认识对实践的反作用,强细则,true,false,true,true,C:\Users\Administrator\Desktop\beijing_politics_research\data\preprocessed_corpus\gpt_suite_bundles\2025各区模拟题__2025各区期末__2025朝阳期末.md; C:\Users\Administrator\Desktop\beijing_politics_research\data\preprocessed_corpus\gpt_sources\195324f05d7e2fea_朝阳高三期末2025.md; C:\Users\Administrator\Desktop\beijing_politics_research\data\preprocessed_corpus\gpt_sources\ec82917288aa8774_2025北京朝阳高三_上_期末政治_教师版.md; C:\Users\Administrator\Desktop\beijing_politics_research\data\preprocessed_corpus\gpt_sources\953eaee3f98d8598_2025朝阳期末细则.md; current DOCX text verified before Batch23 insertion,PPT评分细则第337-340行明列“以新的理论指导新的实践”
52,M0051,2026丰台一模,Q16,是：Batch16回源确认，既有最终DOCX已覆盖并补登记ledger/accepted,系统观念 / 系统优化,正式阅卷细则,true,false,true,true,01_source_inventory\suite_source_bundles\2026丰台一模.md:432-436; C:\Users\Administrator\Desktop\beijing_politics_research\data\preprocessed_corpus\gpt_sources\26649804f1de31f5_2026丰台一模细则.md:98-101,丰台一模主观题阅卷说明Q16哲学评分细则：第（2）点明确“坚持联系的观点，立足整体，统筹部分”，要求统筹科技、伦理与社会公平。
53,M0168,2026延庆一模,Q16,是：已进入当前DOCX/PDF正文,Q16多节点正文覆盖,正式评分细则,true,false,true,true,preprocessed_corpus\gpt_suite_bundles\2026各区模拟题__2026各区一模__2026延庆一模.md:58-80; preprocessed_corpus\gpt_suite_bundles\2026各区模拟题__2026各区一模__2026延庆一模.md:302-320,正式细则存在，并非参考答案无细则；当前DOCX覆盖矛盾观、群众观点、辩证否定、社会意识等。
54,M0777,2026顺义二模,Q21,是：本批新增进入当前DOCX/PDF正文,尊重客观规律与发挥主观能动性相结合,正式评标doc-哲学综合角度+等级赋分（非逐点细则）,true,false,false,true,C:\Users\Administrator\Desktop\2026各区模拟题\2026各区二模\2026顺义二模\26顺义二模评标.doc; C:\Users\Administrator\Desktop\02_代码项目与工具\mac-thread-restore\beijing-politics-sync-visible\reports\bixiu4_baodian_52_base_insert_second_mock_first_mock_audit_2026-05-24\01_source_inventory\suite_source_bundles\2026顺义二模.md; C:\Users\Administrator\Desktop\2026各区模拟题\2026各区二模\2026顺义二模\26顺义二模(1).pdf; C:\Users\Administrator\Desktop\02_代码项目与工具\mac-thread-restore\beijing-politics-sync-visible\reports\bixiu4_thread_recovery_opus47_2026-05-24\shunyi_ermo_source_pages_20260525\page_05.png; C:\Users\Administrator\Desktop\02_代码项目与工具\mac-thread-restore\beijing-politics-sync-visible\reports\bixiu4_thread_recovery_opus47_2026-05-24\shunyi_ermo_source_pages_20260525\page_12.png,题干要求“综合运用哲学”阐述“先见”与“远虑”的传统理政智慧为什么能支撑中国式现代化稳步前行、护航民族复兴；评标doc第21题阅卷参考维度明确列出哲学角度：坚持尊重客观规律与发挥主观能动性相统一，依托认识与实践的辩证发展，并秉持联系、发展、全面的辩证观点。
55,M1000,2025丰台期末,Q16,是：已进入当前DOCX/PDF正文,实践是认识的基础,正式PPT评分细则+教师版题面/解析+当前DOCX正文,true,false,true,true,C:\Users\Administrator\Desktop\beijing_politics_research\data\preprocessed_corpus\gpt_suite_bundles\2025各区模拟题__2025各区期末__2025丰台期末.md; C:\Users\Administrator\Desktop\beijing_politics_research\data\preprocessed_corpus\gpt_sources\360d57a4b250de81_2025丰台期末细则.md; C:\Users\Administrator\Desktop\beijing_politics_research\data\preprocessed_corpus\gpt_sources\89765092a6f26242_2025北京丰台高三_上_期末政治_教师版.md; current DOCX text verified before Batch22 insertion,正式PPT细则第205-263行支持实践、实际出发、联系观、量变质变、矛盾观等，当前DOCX已有正文条目。
56,M0232,2026门头沟一模,Q16,是：已由当前DOCX覆盖并登记ledger/accepted,发展观/矛盾对立统一/辩证否定-扬弃/联系-根据固有联系建立新联系,评分细则原文明示,true,false,false,true,01_source_inventory/suite_source_bundles/2026门头沟一模.md:19-30;371-379;944-955,门头沟一模细则明确哲学角度：发展的观点、矛盾双方对立统一、辩证否定观、联系的观点；答出一点2分，两点及以上3分，结合材料1分。
57,M0663,2026顺义一模,Q21,是：已进入当前DOCX/PDF正文，本批不重复插入,尊重客观规律与发挥主观能动性相结合；两点论与重点论；人民群众/价值判断价值选择,正式评分PPT-哲学角度+等级赋分（非逐点细则）,true,false,true,true,C:\Users\Administrator\Desktop\2026各区模拟题\2026各区一模\2026顺义一模\2026年顺义一模  细则.pptx; C:\Users\Administrator\Desktop\02_代码项目与工具\mac-thread-restore\beijing-politics-sync-visible\reports\bixiu4_baodian_52_base_insert_second_mock_first_mock_audit_2026-05-24\01_source_inventory\suite_source_bundles\2026顺义一模.md; C:\Users\Administrator\Desktop\2026各区模拟题\2026各区一模\2026顺义一模\2026顺义一模.pdf,顺义一模第21题正式评分PPT第10-11页写明哲学角度：客观性2分可用主观能动性和客观规律相结合、社会存在和社会意识、实践和认识等；辩证性2分可用主次矛盾和矛盾主次方面辩证关系、两点论和重点论、矛盾对立统一、整体部分/系统优化、前进性曲折性、量变质变、内外因；价值性2分可用人民群众是历史创造者、群众观点路线、价值判断价值选择遵循社会发展规律并站在最广大人民立场。当前DOCX已在相应节点多处覆盖第21题。
58,M1112,2025海淀期末,Q22,是：已进入当前DOCX/PDF正文,量变与质变 / 适度原则,强细则/PPT评标细则,true,false,true,true,C:\Users\Administrator\Desktop\beijing_politics_research\data\preprocessed_corpus\gpt_suite_bundles\2025各区模拟题__2025各区期末__2025海淀期末.md; C:\Users\Administrator\Desktop\beijing_politics_research\data\preprocessed_corpus\gpt_sources\4b22b6c78aaddb3e_2025海淀期末细则.md; C:\Users\Administrator\Desktop\beijing_politics_research\data\preprocessed_corpus\gpt_sources\b960993a71bd93ca_2025北京海淀高三_上_期末政治_教师版.md; current DOCX verified: existing unregistered 2025海淀期末 headings were present before Batch25,PPT细则第520-521行将“质量互变规律”列为必修四可选知识
59,M0044,2026顺义二模,Q16,是：已进入当前DOCX/PDF正文，本批关闭弱证据重复候选,价值观的导向作用,正式评标doc/阅卷版-已由强证据行覆盖,true,false,true,true,C:\Users\Administrator\Desktop\2026各区模拟题\2026各区二模\2026顺义二模\26顺义二模评标.doc; C:\Users\Administrator\Desktop\02_代码项目与工具\mac-thread-restore\beijing-politics-sync-visible\reports\bixiu4_baodian_52_base_insert_second_mock_first_mock_audit_2026-05-24\01_source_inventory\suite_source_bundles\2026顺义二模.md; C:\Users\Administrator\Desktop\2026各区模拟题\2026各区二模\2026顺义二模\26顺义二模(1).pdf; C:\Users\Administrator\Desktop\02_代码项目与工具\mac-thread-restore\beijing-politics-sync-visible\reports\bixiu4_thread_recovery_opus47_2026-05-24\shunyi_ermo_source_pages_20260525\page_05.png; C:\Users\Administrator\Desktop\02_代码项目与工具\mac-thread-restore\beijing-politics-sync-visible\reports\bixiu4_thread_recovery_opus47_2026-05-24\shunyi_ermo_source_pages_20260525\page_12.png,顺义二模评标doc第16题阅卷版已明确实践观点、人民主体、价值观、矛盾观、中华优秀传统文化等角度，当前DOCX已分别在实践是认识的基础、人民群众、价值观的导向作用、两点论与重点论、辩证否定/守正创新五个节点覆盖。
60,M0007,2026朝阳二模,Q16,是：已进入当前DOCX/PDF正文,矛盾就是对立统一,强阅卷版,true,false,false,true,04_fusion_audit\student_patch_entries.accepted.jsonl:7,正式阅卷细则：传承与创新的关系对应“对立统一/联系”。
61,M1030,2025朝阳期末,Q16,是：已进入当前DOCX/PDF正文,一切从实际出发 / 实事求是 / 主观与客观具体的历史的统一,强细则,true,false,true,true,C:\Users\Administrator\Desktop\beijing_politics_research\data\preprocessed_corpus\gpt_suite_bundles\2025各区模拟题__2025各区期末__2025朝阳期末.md; C:\Users\Administrator\Desktop\beijing_politics_research\data\preprocessed_corpus\gpt_sources\195324f05d7e2fea_朝阳高三期末2025.md; C:\Users\Administrator\Desktop\beijing_politics_research\data\preprocessed_corpus\gpt_sources\ec82917288aa8774_2025北京朝阳高三_上_期末政治_教师版.md; C:\Users\Administrator\Desktop\beijing_politics_research\data\preprocessed_corpus\gpt_sources\953eaee3f98d8598_2025朝阳期末细则.md; current DOCX text verified before Batch23 insertion,PPT评分细则第131行明列“实际/一切从实际出发”
62,M1213,2026丰台期末,Q22,是：已进入当前DOCX/PDF正文,社会存在与社会意识,正式细则,true,false,true,true,C:\Users\Administrator\Desktop\02_代码项目与工具\mac-thread-restore\beijing-politics-sync-visible\data\preprocessed_corpus\gpt_suite_bundles\2026各区模拟题__2026各区期末和期中__2026丰台期末.md; C:\Users\Administrator\Desktop\02_代码项目与工具\mac-thread-restore\beijing-politics-sync-visible\data\preprocessed_corpus\gpt_sources\dbc93cbfd3a93eff_2026丰台期末细则.md; C:\Users\Administrator\Desktop\02_代码项目与工具\mac-thread-restore\beijing-politics-sync-visible\data\preprocessed_corpus\gpt_sources\6553ff85e09d299a_2026北京丰台高三_上_期末政治.md; rendered paper pages: C:\Users\Administrator\Desktop\beijing_politics_research\data\preprocessed_corpus\renders\6553ff85e09d299a; choice-answer closure evidence: C:\Users\Administrator\Desktop\02_代码项目与工具\mac-thread-restore\beijing-politics-sync-visible\skills\beijing-gaokao-politics-rubric\assets\current-artifacts\必修四哲学材料-知识触发总框架_持续更新版_v2.md lines 1813-1836 and C:\Users\Administrator\Desktop\02_代码项目与工具\mac-thread-restore\beijing-politics-sync-visible\skills\feige-politics-garden-bixiu4\references\current-state.md lines 218-222; current DOCX verified: 4 existing unregistered 2026丰台期末 headings were present before Batch28,正式细则第444行：社会意识；当前框架第1443行说明规划属于社会意识并反作用于实践
63,M1431,2026通州期末,Q16,是：已进入当前DOCX/PDF正文,主观能动性 / 意识的能动作用,正式评分标准,true,false,true,true,"C:\Users\Administrator\Desktop\02_代码项目与工具\mac-thread-restore\beijing-politics-sync-visible\data\preprocessed_corpus\gpt_suite_bundles\2026各区模拟题__2026各区期末和期中__2026通州期末.md; C:\Users\Administrator\Desktop\02_代码项目与工具\mac-thread-restore\beijing-politics-sync-visible\data\preprocessed_corpus\gpt_sources\44537714bd68a7c1_2026通州期末细则.md; C:\Users\Administrator\Desktop\02_代码项目与工具\mac-thread-restore\beijing-politics-sync-visible\data\preprocessed_corpus\gpt_sources\7f3083ea306ea1e9_2026北京通州高三_上_期末政治_教师版.md; raw formal rubric PPTX: C:\Users\Administrator\Desktop\2026各区模拟题\2026各区期末和期中\2026通州期末\细则\2026通州期末细则.pptx; raw teacher PDF: C:\Users\Administrator\Desktop\2026各区模拟题\2026各区期末和期中\2026通州期末\试卷\2026北京通州高三（上）期末政治（教师版）.pdf; lecture/marking PPTX: C:\Users\Administrator\Desktop\2026各区模拟题\2026各区期末和期中\2026通州期末\2026通州期末试卷讲评.pptx; formal answer key: 1A,2D,3B,4D,5C,6A,7B,8D,9D,10B,11C,12A,13C,14A,15B.",正式细则第16题写明“同时发挥人的主观能动性，实现人与自然的和谐共生”。
64,M0222,2026房山一模,Q16(2),是：已由当前DOCX覆盖并补齐整体与部分条目,矛盾普遍特殊统一/一切从实际/规律主观能动/联系立足整体,评分细则原文明示,true,false,false,true,2026各区模拟题/2026各区一模/2026房山一模/26 房山一模评标 全.docx:paras13-21; 2026各区模拟题/2026各区一模/2026房山一模/细则/2026房山一模细则.docx:paras13-21; preprocessed_corpus/renders/e37482eff39f3618/page_007.png,房山一模评标/细则paras13-21明示：矛盾普遍性和特殊性的统一、一切从实际出发、尊重客观规律、发挥主观能动性、联系；高档要求融入大局中找定位/系统/整体。
65,M0650,2026门头沟一模,Q16,是：已由当前DOCX覆盖并登记ledger/accepted,发展观/矛盾对立统一/辩证否定/联系/根据固有联系建立新联系,评分细则原文明示,true,false,false,true,01_source_inventory/suite_source_bundles/2026门头沟一模.md:19-30;371-379;944-955,门头沟一模细则明确哲学角度：发展的观点、矛盾双方对立统一、辩证否定观、联系的观点；答出一点2分，两点及以上3分，结合材料1分。
66,M0182,2025石景山一模,Q16(8分),是：当前DOCX已有Q16覆盖,联系观/发展观/矛盾观/中华优秀传统文化特点及当代价值,正式评分细则,true,false,false,true,data/preprocessed_corpus/gpt_suite_bundles/2025各区模拟题__2025各区一模__2025石景山一模.md:22-31; CURRENT_DOCX_2025_SHIJINGSHAN_YIMO_CONTEXT_20260525.md,2025石景山一模Q16正式非选择题评分细则明确：可选用联系观、发展观、矛盾观等相关哲理，解析“不数既往，不能知将来；不求远因，不能明近果”，并阐明中华优秀传统文化的特点和当代价值。
67,M1344,2026海淀期末,Q3,是：客观选择题挂点，已在当前DOCX正文登记,认识发展原理,教师版答案键+试卷原题（客观选择题）,true,false,true,true,"C:\Users\Administrator\Desktop\02_代码项目与工具\mac-thread-restore\beijing-politics-sync-visible\data\preprocessed_corpus\gpt_suite_bundles\2026各区模拟题__2026各区期末和期中__2026海淀期末.md; C:\Users\Administrator\Desktop\02_代码项目与工具\mac-thread-restore\beijing-politics-sync-visible\data\preprocessed_corpus\gpt_sources\7832041a93d37e1f_2026海淀期末细则.md; C:\Users\Administrator\Desktop\02_代码项目与工具\mac-thread-restore\beijing-politics-sync-visible\data\preprocessed_corpus\gpt_sources\ac3124113aec7062_2026北京海淀高三_上_期末政治_教师版.md; rubric OCR: C:\Users\Administrator\Desktop\02_代码项目与工具\mac-thread-restore\beijing-politics-sync-visible\reports\bixiu4_thread_recovery_opus47_2026-05-24\BATCH32_2026_HAIDIAN_FINAL_RUBRIC_OCR_TRANSCRIPTION_20260525.md; rubric lines: C:\Users\Administrator\Desktop\02_代码项目与工具\mac-thread-restore\beijing-politics-sync-visible\reports\bixiu4_thread_recovery_opus47_2026-05-24\BATCH32_2026_HAIDIAN_FINAL_RUBRIC_OCR_LINES_20260525.md; teacher OCR: C:\Users\Administrator\Desktop\02_代码项目与工具\mac-thread-restore\beijing-politics-sync-visible\reports\bixiu4_thread_recovery_opus47_2026-05-24\BATCH32_2026_HAIDIAN_FINAL_TEACHER_OCR_TRANSCRIPTION_20260525.md; teacher lines: C:\Users\Administrator\Desktop\02_代码项目与工具\mac-thread-restore\beijing-politics-sync-visible\reports\bixiu4_thread_recovery_opus47_2026-05-24\BATCH32_2026_HAIDIAN_FINAL_TEACHER_OCR_LINES_20260525.md; source render manifest: C:\Users\Administrator\Desktop\02_代码项目与工具\mac-thread-restore\beijing-politics-sync-visible\reports\bixiu4_thread_recovery_opus47_2026-05-24\BATCH32_2026_HAIDIAN_FINAL_SOURCE_RENDER_MANIFEST.json; teacher PDF text page 9 answer key: 1B,2A,3A,4C,5D,6C,7D,8A,9D,10B,11B,12C,13C,14B,15D; rubric OCR pages 1-2 formal Q16-Q17 scoring; rubric OCR page 6 formal Q21 scoring.",教师版第3题答案键3A；正确项说明具身智能机器人作为新型研究工具能深化人们对表演规律的认识，仅作客观选择题挂点。
68,M0927,2024朝阳期中,Q17,是：已进入当前DOCX/PDF正文,价值判断与价值选择,正式阅卷细则（哲学2分开放角度）+当前DOCX正文,true,false,false,true,BATCH19_2024_CHAOYANG_MIDTERM_SOURCE_TRANSCRIPTION_20260525.md; C:/Users/Administrator/Desktop/beijing_politics_research/data/preprocessed_corpus/gpt_suite_bundles/2024各区模拟题__2024各区期中__2024朝阳期中.md; C:/Users/Administrator/Desktop/2024各区模拟题/2024各区期中/2024朝阳期中/细则/2024朝阳期中细则.rtf; current DOCX text verified,正式评分细则：文化6分+哲学2分；哲学可从辩证否定、对立统一/全面、具体问题具体分析、价值观导向、价值判断和价值选择、尊重规律发挥主观能动性等方面作答，知识1分+材料1分。
69,M0322,2024西城一模,Q2,是：已进入当前DOCX/PDF正文,一切从实际出发 / 实事求是 / 主观与客观具体的历史的统一,官方答案键+题干正确项链条（选择题，非主观题评分细则）,true,true,false,true,data\preprocessed_corpus\gpt_suite_bundles\2024各区模拟题__2024各区一模__2024西城一模.md:201-230,官方答案键A，正确项②写明走进乡土中国深处才能深刻理解怎样实事求是、联系群众。
70,M1104,2025海淀期末,Q17(2),是：已进入当前DOCX/PDF正文,实践是认识的基础,强细则/PPT评标细则,true,false,true,true,C:\Users\Administrator\Desktop\beijing_politics_research\data\preprocessed_corpus\gpt_suite_bundles\2025各区模拟题__2025各区期末__2025海淀期末.md; C:\Users\Administrator\Desktop\beijing_politics_research\data\preprocessed_corpus\gpt_sources\4b22b6c78aaddb3e_2025海淀期末细则.md; C:\Users\Administrator\Desktop\beijing_politics_research\data\preprocessed_corpus\gpt_sources\b960993a71bd93ca_2025北京海淀高三_上_期末政治_教师版.md; current DOCX verified: existing unregistered 2025海淀期末 headings were present before Batch25,PPT细则第71、94行明列“实践是检验认识真理性的唯一标准/实践是认识发展的动力”
71,M0528,2026东城一模,Q5,是：已补入当前DOCX,认识发展原理,官方答案键+题干正确项链条（选择题，非主观题评分细则）,true,true,false,true,preprocessed_corpus\gpt_suite_bundles\2026各区模拟题__2026各区一模__2026东城一模.md:369-375; preprocessed_corpus\gpt_suite_bundles\2026各区模拟题__2026各区一模__2026东城一模.md:594-600,官方答案键B支持“通过分析综合海量数据获得规律性认识”；选择题边界已明示，非主观题评分细则。
72,M1434,2026通州期末,Q16,是：已进入当前DOCX/PDF正文,价值判断与价值选择,正式评分标准宽角度/术语支持,true,false,true,true,"C:\Users\Administrator\Desktop\02_代码项目与工具\mac-thread-restore\beijing-politics-sync-visible\data\preprocessed_corpus\gpt_suite_bundles\2026各区模拟题__2026各区期末和期中__2026通州期末.md; C:\Users\Administrator\Desktop\02_代码项目与工具\mac-thread-restore\beijing-politics-sync-visible\data\preprocessed_corpus\gpt_sources\44537714bd68a7c1_2026通州期末细则.md; C:\Users\Administrator\Desktop\02_代码项目与工具\mac-thread-restore\beijing-politics-sync-visible\data\preprocessed_corpus\gpt_sources\7f3083ea306ea1e9_2026北京通州高三_上_期末政治_教师版.md; raw formal rubric PPTX: C:\Users\Administrator\Desktop\2026各区模拟题\2026各区期末和期中\2026通州期末\细则\2026通州期末细则.pptx; raw teacher PDF: C:\Users\Administrator\Desktop\2026各区模拟题\2026各区期末和期中\2026通州期末\试卷\2026北京通州高三（上）期末政治（教师版）.pdf; lecture/marking PPTX: C:\Users\Administrator\Desktop\2026各区模拟题\2026各区期末和期中\2026通州期末\2026通州期末试卷讲评.pptx; formal answer key: 1A,2D,3B,4D,5C,6A,7B,8D,9D,10B,11C,12A,13C,14A,15B.",正式细则第16题价值观部分写明“自觉站在最广大人民群众的立场上”。
73,M1425,2026通州期末,Q7,是：客观选择题挂点，已在当前DOCX正文登记,发展的观点 / 发展的普遍性,正式答案键+试卷原题（客观选择题）,true,false,true,true,"C:\Users\Administrator\Desktop\02_代码项目与工具\mac-thread-restore\beijing-politics-sync-visible\data\preprocessed_corpus\gpt_suite_bundles\2026各区模拟题__2026各区期末和期中__2026通州期末.md; C:\Users\Administrator\Desktop\02_代码项目与工具\mac-thread-restore\beijing-politics-sync-visible\data\preprocessed_corpus\gpt_sources\44537714bd68a7c1_2026通州期末细则.md; C:\Users\Administrator\Desktop\02_代码项目与工具\mac-thread-restore\beijing-politics-sync-visible\data\preprocessed_corpus\gpt_sources\7f3083ea306ea1e9_2026北京通州高三_上_期末政治_教师版.md; raw formal rubric PPTX: C:\Users\Administrator\Desktop\2026各区模拟题\2026各区期末和期中\2026通州期末\细则\2026通州期末细则.pptx; raw teacher PDF: C:\Users\Administrator\Desktop\2026各区模拟题\2026各区期末和期中\2026通州期末\试卷\2026北京通州高三（上）期末政治（教师版）.pdf; lecture/marking PPTX: C:\Users\Administrator\Desktop\2026各区模拟题\2026各区期末和期中\2026通州期末\2026通州期末试卷讲评.pptx; formal answer key: 1A,2D,3B,4D,5C,6A,7B,8D,9D,10B,11C,12A,13C,14A,15B.",正式答案键7B；正确选项①对应“事物是不断变化发展的”，仅作客观选择题挂点。
74,M0678,2026东城二模,Q21,是：已进入当前DOCX/PDF正文,系统观念 / 系统优化,强细则,true,false,false,true,2026各区模拟题\2026各区二模\2026东城二模\细则\二模21题细则模版.pdf,Q21正式细则明确联系观/系统优化角度，本轮新增系统观念正文条目。
75,M1430,2026通州期末,Q16,是：已进入当前DOCX/PDF正文,一切从实际出发 / 实事求是 / 主观与客观具体的历史的统一,正式评分标准,true,false,true,true,"C:\Users\Administrator\Desktop\02_代码项目与工具\mac-thread-restore\beijing-politics-sync-visible\data\preprocessed_corpus\gpt_suite_bundles\2026各区模拟题__2026各区期末和期中__2026通州期末.md; C:\Users\Administrator\Desktop\02_代码项目与工具\mac-thread-restore\beijing-politics-sync-visible\data\preprocessed_corpus\gpt_sources\44537714bd68a7c1_2026通州期末细则.md; C:\Users\Administrator\Desktop\02_代码项目与工具\mac-thread-restore\beijing-politics-sync-visible\data\preprocessed_corpus\gpt_sources\7f3083ea306ea1e9_2026北京通州高三_上_期末政治_教师版.md; raw formal rubric PPTX: C:\Users\Administrator\Desktop\2026各区模拟题\2026各区期末和期中\2026通州期末\细则\2026通州期末细则.pptx; raw teacher PDF: C:\Users\Administrator\Desktop\2026各区模拟题\2026各区期末和期中\2026通州期末\试卷\2026北京通州高三（上）期末政治（教师版）.pdf; lecture/marking PPTX: C:\Users\Administrator\Desktop\2026各区模拟题\2026各区期末和期中\2026通州期末\2026通州期末试卷讲评.pptx; formal answer key: 1A,2D,3B,4D,5C,6A,7B,8D,9D,10B,11C,12A,13C,14A,15B.",正式细则第16题哲学角度写明“坚持一切从实际出发，实事求是”。
76,M0273,2024朝阳一模,Q3,是：已进入当前DOCX/PDF正文,实现人生价值,答案键+题干正确项链（选择题，非主观题评分细则）,true,true,false,true,data\preprocessed_corpus\gpt_suite_bundles\2024各区模拟题__2024各区一模__2024朝阳一模.md:28-34;420-455,Q3答案B，当前DOCX已保留人生价值选择题链。
77,M0744,2026石景山二模,Q9,是：Batch04补入最终DOCX,实践是认识的基础；人民群众,选择题官方答案键+题干正确项链条；选择题边界已明示,true,true,false,true,02_codex_lane\codex_a_coverage_matrix.csv:499,"2026石景山二模 source bundle lines 17-19, 158-163, 225-227.；2026石景山二模 source bundle lines 17-19, 158-163, 225-227. 边界：本行为选择题官方答案键/正确项链条，只用于选择题知识触发与错项辨析，不作为主观题稳定评分触发或评分细则证据。"
78,M1253,2026朝阳期中,Q18,是：已进入当前DOCX/PDF正文,量变与质变 / 适度原则,正式细则,true,false,true,true,C:\Users\Administrator\Desktop\02_代码项目与工具\mac-thread-restore\beijing-politics-sync-visible\data\preprocessed_corpus\gpt_suite_bundles\2026各区模拟题__2026各区期末和期中__2026朝阳期中.md; C:\Users\Administrator\Desktop\02_代码项目与工具\mac-thread-restore\beijing-politics-sync-visible\data\preprocessed_corpus\gpt_sources\885e694cf464c22b_2026朝阳期中细则.md; duplicate rubric cache: C:\Users\Administrator\Desktop\02_代码项目与工具\mac-thread-restore\beijing-politics-sync-visible\data\preprocessed_corpus\gpt_sources\885e694cf464c22b_2025.11朝阳期中政治评标.md; C:\Users\Administrator\Desktop\02_代码项目与工具\mac-thread-restore\beijing-politics-sync-visible\data\preprocessed_corpus\gpt_sources\5a53b5c6863d7f95_2025北京朝阳高三_上_期中政治_教师版.md; teacher-version answer key lines 580-585; Q4 paper lines 373-380; Q7 paper lines 399-410; Q14 paper lines 455-461; Q18 prompt/rubric lines 52-85; Q19 prompt/rubric lines 87-104; current DOCX verified: 11 existing unregistered 2026朝阳期中 headings were present before Batch29,正式评分细则第60-62、78-81行：反对理由列适度原则
79,M0001,2026东城二模,Q16,是：已进入当前DOCX/PDF正文,实践是认识的基础,强细则,true,false,false,true,04_fusion_audit\student_patch_entries.accepted.jsonl:1,东城第16题主观题细则：核心知识包括“实践与认识辩证关系”；示例写明实践是认识来源、发展动力和检验真理的标准。
80,M0256,2024丰台一模,Q8,是：本批新增进入当前DOCX/PDF正文,一切从实际出发 / 实事求是 / 主观与客观具体的历史的统一；系统观念 / 系统优化,选择题官方答案键+题干正确项链条；选择题边界已明示,true,true,false,true,01_source_inventory/suite_source_bundles/2024丰台一模.md:221-235;422-458,Q8正确项③落到立足福州实际、把握特点优势；正确项④落到统筹全局、系统谋划和顶层设计。 边界：本行为选择题官方答案键/正确项链条，只用于选择题知识触发与错项辨析，不作为主观题稳定评分触发或评分细则证据。
