年份套卷,题号,旧稿位置,审计状态,证据摘录,处理建议
2024一模,Q20,absent,旧稿absent但已有独立示例,标题L842?1. 2024东城一模 第20题 | 【设问】结合材料，运用经济的相关知识，分析我国的上述措施如何通过构建新发展格局助力经济高质量发展。 | 【卷面句】我国主动对标国际规则、规制、管理和标准，推进制度型开放，深入融入经济全球化，推进高水平对外开放。,保留当前独立题例；覆盖表中应把旧absent改为已回补，并核对套卷名是否应细化到区县。
2024一模,Q22,absent,未找到独立示例（旧稿absent需回补）,未找到独立示例；当前学生版和v6修订稿均未定位到同套卷同题号题例标题。,先回源查评分细则；找到后补独立题例，找不到就在覆盖表写明阻断。
2024丰台一模,Q18,absent,未找到独立示例（旧稿absent需回补）,未找到独立示例；当前学生版和v6修订稿均未定位到同套卷同题号题例标题。,P0优先回补：旧表已有细则上下文，回到原题和细则补成独立题例。
2024丰台一模,Q20,main,有独立示例,"标题L1024?7. 2024丰台一模Q20 供应链如何成为""共赢链"" | 【设问】结合材料，运用《当代国际政治与经济》知识，说明我国的实践是如何推动供应链成为国际合作""共赢链""的。 | 【卷面句】中国建立和完善高速铁路网、高速公路网和世界级港口群等基础设施，推动产品、服务和生产要素在全球的流动，提高全球供应链的资源配置效率。",保留为独立题例；v7重构时不得与其他题合并成一个案例。
2024丰台一模,Q21,absent,未找到独立示例（旧稿absent需回补）,未找到独立示例；当前学生版和v6修订稿均未定位到同套卷同题号题例标题。,先回源查评分细则；找到后补独立题例，找不到就在覆盖表写明阻断。
2024丰台二模,Q19,main,有独立示例,标题L2754?6. 2024丰台二模Q19 | 【设问】结合材料，运用《当代国际政治与经济》知识，说明中国“答卷”如何彰显大国担当。（6分） | 【卷面句】中国在应对气候变化中积极承担责任，通过南南合作和区域合作参与完善全球治理，践行共商共建共享理念，为全球环境治理提供中国方案。,保留为独立题例；v7重构时不得与其他题合并成一个案例。
2024朝阳一模,Q21,main,有独立示例,标题L308?2. 2024朝阳一模Q21 | 【设问】结合上述资料，在分析我国当前经济形势的基础上，运用《当代国际政治与经济》知识，谈谈如何推动中国经济在变局中开新局。 | 【卷面句】我国发展的外部环境日趋严峻、风险挑战增多，地缘政治动荡、保护主义上升和“小院高墙”影响经贸科技交流，使中国经济开新局必须统筹发展与安全。,保留为独立题例；v7重构时不得与其他题合并成一个案例。
2024朝阳二模,Q20,main,有独立示例,标题L340?1. 2024朝阳二模Q20 | 【设问】结合研讨背景，运用《当代国际政治与经济》知识，完成下表：完善全球气候治理应遵循的基本原则；本次研讨各方达成的共识。 | 【卷面句】,保留为独立题例；v7重构时不得与其他题合并成一个案例。
2024朝阳期中,Q20,main,有独立示例,标题L949?2. 2024朝阳期中 第20题第(3)问 | 【设问】结合材料，运用《当代国际政治与经济》知识，以“数字驱动 商通全球”为主题撰写一篇短评。 | 【卷面句】全球数字贸易博览会搭建交流合作平台，促进数字经济领域相互投资贸易，为各国企业创造机遇，使各国更好利用两个资源两个市场。,保留为独立题例；v7重构时不得与其他题合并成一个案例。
2024海淀一模,Q18,main,有独立示例,标题L994?5. 2024海淀一模Q18(1) 免签政策与高水平对外开放 | 【设问】结合材料，运用《当代国际政治与经济》知识，预测上述举措对服务高水平对外开放的积极影响。 | 【卷面句】便利中外人员往来能够吸引商品、服务、技术、资金、劳务等全球资源要素自由流动，充分利用国内国际两种资源、两个市场，进一步提升我国对外开放水平。,保留为独立题例；v7重构时不得与其他题合并成一个案例。
2024海淀一模,Q20,absent,未找到独立示例（旧稿absent需回补）,未找到独立示例；当前学生版和v6修订稿均未定位到同套卷同题号题例标题。,P0优先回补：旧表已有细则上下文，回到原题和细则补成独立题例。
2024海淀二模,Q18,main,有独立示例,标题L82?4. 2024海淀二模Q18(1) 多极化世界中的民主与全球治理 | 【设问】任选一个议题，参考资料包中的内容，运用《当代国际政治与经济》知识，围绕所选议题写一篇时政述评。（8分）要求：观点明确；知识运用准确、贴切；论述合乎逻辑，条理清晰。 | 【卷面句】和平与发展仍是时代主题，面对人工智能与大数据带来的治理缺口、全球南方诉求增多的现实，各方应在和平与发展的国际潮流中加强对话合作，共同推动全球治理民主化。,保留为独立题例；v7重构时不得与其他题合并成一个案例。
2024海淀期中,Q16,main,有独立示例，但P0标疑非选必一，需边界复核,"标题L2530?1. 2024海淀期中 第16题第(2)问 | 【设问】结合材料，运用所学，分析企业和政府如何应对贸易摩擦带来的""出海""难题。 | 【卷面句】企业和政府利用国际组织赋予的权利，积极参与全球经济治理和规则制定，为企业""出海""营造良好的国际环境，从而化解贸易摩擦、稳定供应链。",先做模块边界复核；若确为疑非选必一，不计入主干覆盖闭环。
2024海淀期中,Q20,absent,未找到独立示例（旧稿absent需回补）,未找到独立示例；当前学生版和v6修订稿均未定位到同套卷同题号题例标题。,P0优先回补：旧表已有细则上下文，回到原题和细则补成独立题例。
2024海淀期中,Q21,main,有独立示例,"标题L124?7. 2024海淀期中Q21(2) 新中国外交的""变"" | 【设问】结合材料，运用《当代国际政治与经济》知识，分析新中国外交的""变""与""不变""。 | 【卷面句】新中国外交所处时代背景不断变化，政治多极化、经济全球化深入发展，和平与发展成为时代主题，外交因而从应对生存安全转向服务现代化建设、再到为世界提供中国理念。",保留为独立题例；v7重构时不得与其他题合并成一个案例。
2024石景山一模,Q16,absent,未找到独立示例（旧稿absent需回补）,未找到独立示例；当前学生版和v6修订稿均未定位到同套卷同题号题例标题。,先回源查评分细则；找到后补独立题例，找不到就在覆盖表写明阻断。
2024石景山一模,Q19,main,有独立示例,标题L857?2. 2024石景山一模Q19(2)，迁移提醒 | 【设问】结合材料，运用《当代国际政治与经济》知识，分析中国新能源汽车企业从“走出去”到“扎下根”的原因。（8分） | 【卷面句】中国新能源汽车企业顺应经济全球化趋势，凭借技术和产品优势满足国际市场需求，并通过海外设厂深度参与全球汽车产业分工。,保留为独立题例；v7重构时不得与其他题合并成一个案例。
2024石景山一模,Q22,absent,未找到独立示例（旧稿absent需回补）,未找到独立示例；当前学生版和v6修订稿均未定位到同套卷同题号题例标题。,先回源查评分细则；找到后补独立题例，找不到就在覆盖表写明阻断。
2024西城一模,Q19,main,有独立示例，但P0标疑非选必一，需边界复核,标题L668?1. 2024西城一模Q19(6) | 【设问】面对新一轮前沿科技发展浪潮，结合材料，从经济角度分析我国未来产业发展的机遇和挑战，以及攻克“卡脖子”难题对经济开放发展的助推作用。 | 【卷面句】未来产业处在激烈的国际竞争之中，当前国际竞争的实质是以经济和科技实力为基础的综合国力较量，面对技术制裁、技术垄断和贸易壁垒等风险，我国需要加强风险应对和防范，为未来产业开放发展筑牢安全屏障。,先做模块边界复核；若确为疑非选必一，不计入主干覆盖闭环。
2024西城二模,Q17,absent,未找到独立示例（旧稿absent需回补）,未找到独立示例；当前学生版和v6修订稿均未定位到同套卷同题号题例标题。,P0优先回补：旧表已有细则上下文，回到原题和细则补成独立题例。
2024西城二模,Q19,main,有独立示例,标题L138?8. 2024西城二模Q19 中国答案的国际关系新思路 | 【设问】结合材料，阐述中国答案所体现的处理国际关系的新思路。 | 【卷面句】当今世界仍处于和平与发展的时代主题之下，中国答案顺应这一时代潮流，以全球协作回应实力至上和结盟对抗的旧逻辑。,保留为独立题例；v7重构时不得与其他题合并成一个案例。
2024顺义二模,Q18,absent,未找到独立示例（旧稿absent需回补）,未找到独立示例；当前学生版和v6修订稿均未定位到同套卷同题号题例标题。,先回源查评分细则；找到后补独立题例，找不到就在覆盖表写明阻断。
2024顺义二模,Q19,main,有独立示例,标题L452?5. 2024顺义二模Q19(2) | 【设问】结合材料，综合运用《政治与法治》和《当代国际政治与经济》知识，说明我国积极推动新质生产力发展的原因。（8分） | 【卷面句】发展新质生产力有利于提高我国实力、增强核心竞争力，从而更好维护我国国家利益并增强在国际事务中的话语权。,保留为独立题例；v7重构时不得与其他题合并成一个案例。
2025东城一模,Q16,absent,未找到独立示例（旧稿absent需回补）,未找到独立示例；当前学生版和v6修订稿均未定位到同套卷同题号题例标题。,P0优先回补：旧表已有细则上下文，回到原题和细则补成独立题例。
2025东城一模,Q20,main,有独立示例,标题L499?1. 2025东城一模 第20题 | 【设问】结合材料，运用《当代国际政治与经济》知识，谈谈此次元首外交的“精彩”之处。 | 【卷面句】此次元首外交围绕自贸协定升级、共建“一带一路”合作规划和多项合作文件拓展务实合作，体现国家间共同利益是合作的基础。,保留为独立题例；v7重构时不得与其他题合并成一个案例。
2025东城一模,Q21,absent,未找到独立示例（旧稿absent需回补）,未找到独立示例；当前学生版和v6修订稿均未定位到同套卷同题号题例标题。,P0优先回补：旧表已有细则上下文，回到原题和细则补成独立题例。
2025东城二模,Q20,main,有独立示例,标题L293?1. 2025东城二模 第20题 | 【设问】结合材料，运用《当代国际政治与经济》知识，写一篇小论文。 | 【卷面句】当今国际局势变乱交织，局部动荡不断，人类面临经济复苏乏力、贸易保护主义、冲突动荡和非传统安全威胁等诸多问题和挑战，因此更需要弘扬“同球共济”精神。,保留为独立题例；v7重构时不得与其他题合并成一个案例。
2025东城期末,Q20,main,有独立示例,标题L323?3. 2025东城期末Q20 | 【设问】运用《当代国际政治与经济》知识，写一篇短文，谈谈你对上述材料的认识。要求：题目自拟，观点明确，逻辑清晰，200字左右。 | 【卷面句】欧盟对中国新能源汽车征收临时反补贴税，是违背经济规律的贸易保护主义和逆全球化行为，会破坏市场竞争和市场秩序。,保留为独立题例；v7重构时不得与其他题合并成一个案例。
2025丰台一模,Q16,absent,未找到独立示例（旧稿absent需回补）,未找到独立示例；当前学生版和v6修订稿均未定位到同套卷同题号题例标题。,P0优先回补：旧表已有细则上下文，回到原题和细则补成独立题例。
2025丰台一模,Q20,main,有独立示例,"标题L1471?4. 2025丰台一模Q20北京""两区""通关创新 | 【设问】结合材料，运用《经济与社会》《当代国际政治与经济》知识，说明北京""两区""建设的举措是如何助力开放型经济迈上新台阶的。 | 【卷面句】北京""两区""创新通关模式，降低跨境交易成本，提高货物通关效率，扩大货物贸易规模，推动贸易投资便利化，助力开放型经济迈上新台阶。",保留为独立题例；v7重构时不得与其他题合并成一个案例。
2025丰台一模,Q21,boundary,边界提示块（非主干独立示例）,标题L6094?1. 2025丰台一模Q21 | 【设问】2025丰台一模第21题：中国以确定的应对不确定的世界。 | 【卷面句】本题主线应回到中国式现代化等设问要求，选必一术语如新型国际关系、人类命运共同体、经济全球化发展细则明确不给分，不能用来充主干。,只可作为边界/跨模块提示；不得充当选必一主干覆盖。
2025丰台二模,Q20,main,有独立示例,标题L4604?5. 2025丰台二模Q20 | 【设问】当今世界，全球治理体系与国际秩序变革加速推进。我们愿同各方一道，一以贯之以实际行动为完善全球治理注入中国力量。结合材料，运用《当代国际政治与经济》知识，谈谈你对“为完善全球治理注入中国力量”的理解。 | 【卷面句】中国推动构建人类命运共同体，遵循平等、开放、合作、共享等原则，同世界各国一起推动全球治理体制更加公正合理。,保留为独立题例；v7重构时不得与其他题合并成一个案例。
2025丰台二模,Q21,main,有独立示例,"标题L5858?2. 2025丰台二模 第21题（联合国地位） | 【设问】结合材料，运用《当代国际政治与经济》知识，阐释""中国需要联合国，联合国也需要中国""的关系。 | 【卷面句】联合国是当今世界最具普遍性、代表性和权威性的政府间国际组织，在维护世界和平、推动共同发展、促进人类文明进步等方面发挥重要作用，因此中国需要借助联合国开展多边合作。",保留为独立题例；v7重构时不得与其他题合并成一个案例。
2025丰台期末,Q18,absent,未找到独立示例（旧稿absent需回补）,未找到独立示例；当前学生版和v6修订稿均未定位到同套卷同题号题例标题。,先回源查评分细则；找到后补独立题例，找不到就在覆盖表写明阻断。
2025丰台期末,Q20,main,有独立示例,标题L180?11. 2025丰台期末第20题——中非达成战略性共识的理论逻辑和价值意蕴 | 【设问】阅读材料，运用《当代国际政治与经济》知识，阐明中非达成一系列战略性共识的理论逻辑和价值意蕴。 | 【卷面句】中非合力反对脱钩断链、抵制单边主义和保护主义，符合和平与发展的时代主题，为发展中国家联合应对全球挑战提供合作土壤。,保留为独立题例；v7重构时不得与其他题合并成一个案例。
2025丰台期末,Q21,absent,未找到独立示例（旧稿absent需回补）,未找到独立示例；当前学生版和v6修订稿均未定位到同套卷同题号题例标题。,先回源查评分细则；找到后补独立题例，找不到就在覆盖表写明阻断。
2025延庆一模,Q20,main,有独立示例,"标题L96?5. 2025延庆一模Q20(2) 外交部发言人回应""脱钩断链"" | 【设问】假如你是外交部发言人，请结合材料二，运用《当代国际政治与经济》知识，对上述提问做出回应。 | 【卷面句】维护全球产供链韧性和稳定符合国际社会的共同利益，顺应和平与发展的时代主题；近70个国家和地区企业齐聚链博会，正是顺应这一潮流深化产供链合作。",保留为独立题例；v7重构时不得与其他题合并成一个案例。
2025延庆一模,Q21,absent,未找到独立示例（旧稿absent需回补）,未找到独立示例；当前学生版和v6修订稿均未定位到同套卷同题号题例标题。,先回源查评分细则；找到后补独立题例，找不到就在覆盖表写明阻断。
2025房山一模,Q18,main,有独立示例,"标题L110?6. 2025房山一模Q18(2) 中国开源战略 | 【设问】""中国的开源战略不仅是技术上的革新，更是对全球合作新模式的一次积极探索和实践。""结合材料，运用《当代国际政治与经济》知识，谈谈你对这句话的理解。 | 【卷面句】中国开源战略顺应和平与发展的国际潮流，DeepSeek开源大模型在全球范围内被自由使用和改进，把开放共享作为全球合作新模式。",保留为独立题例；v7重构时不得与其他题合并成一个案例。
2025房山一模,Q19,absent,未找到独立示例（旧稿absent需回补）,未找到独立示例；当前学生版和v6修订稿均未定位到同套卷同题号题例标题。,P0优先回补：旧表已有细则上下文，回到原题和细则补成独立题例。
2025昌平二模,Q21,main,有独立示例,标题L1084?11. 2025昌平二模Q21 稳外资举措激活两个市场两种资源 | 【设问】结合材料，说明上述举措对我国建设更高水平的开放型经济具有什么重要意义。（8分） | 【卷面句】扩大重点领域开放和完善涉外资服务等稳外资举措，有利于我国充分利用国内国际两个市场两种资源，把全球资本、技术、人才与国内市场和产业紧密对接，提高开放型经济发展水平。,保留为独立题例；v7重构时不得与其他题合并成一个案例。
2025朝阳一模,Q18,absent,未找到独立示例（旧稿absent需回补）,未找到独立示例；当前学生版和v6修订稿均未定位到同套卷同题号题例标题。,P0优先回补：旧表已有细则上下文，回到原题和细则补成独立题例。
2025朝阳一模,Q20,main,有独立示例,标题L902?5. 2025朝阳一模Q20 | 【设问】结合材料，运用《当代国际政治与经济》知识，说明我国应如何应对全球产业链供应链新态势，在全球产业变革中赢得主动。 | 【卷面句】面对全球产业链供应链多元化重构，我国应顺应经济全球化趋势，支持有实力的跨国公司开展对外直接投资，利用世界各地优势组织生产经营，维护多元稳定的国际经济格局和经贸关系。,保留为独立题例；v7重构时不得与其他题合并成一个案例。
2025朝阳二模,Q21,main,有独立示例,标题L625?10. 2025朝阳二模 第21题（周边工作新局面） | 【设问】结合材料，运用《当代国际政治与经济》知识，说明我国为什么要努力开创周边工作新局面。 | 【卷面句】共同的国家利益是国际合作的基础，中国与周边国家在发展、安全、互联互通等领域有广泛共同利益，这是我国努力开创周边工作新局面的客观依据。,保留为独立题例；v7重构时不得与其他题合并成一个案例。
2025朝阳二模,Q22,absent,未找到独立示例（旧稿absent需回补）,未找到独立示例；当前学生版和v6修订稿均未定位到同套卷同题号题例标题。,P0优先回补：旧表已有细则上下文，回到原题和细则补成独立题例。
2025朝阳期末,Q16,absent,未找到独立示例（旧稿absent需回补）,未找到独立示例；当前学生版和v6修订稿均未定位到同套卷同题号题例标题。,先回源查评分细则；找到后补独立题例，找不到就在覆盖表写明阻断。
2025朝阳期末,Q21,main,有独立示例,标题L152?9. 2025朝阳期末Q21 | 【设问】结合材料，运用《当代国际政治与经济》知识，说明如何通过开展中国特色大国外交为推进中国式现代化营造良好外部环境。 | 【卷面句】中国开展中国特色大国外交，促进世界和平与发展，维护和平稳定的国际环境，回应单边霸凌、脱钩断链和意识形态分歧等外部风险，为推进中国式现代化营造稳定的外部条件。,保留为独立题例；v7重构时不得与其他题合并成一个案例。
2025海淀一模,Q21,main,有独立示例,标题L1161?4. 2025海淀一模Q21(2) | 【设问】结合材料，运用《当代国际政治与经济》知识，说明我国外贸为何能连上两个万亿级台阶。（6分） | 【卷面句】我国发展绿色贸易和数字贸易，推动货物贸易优化升级，打造产品出口竞争新优势，为外贸总量连续跨越两个万亿级台阶提供新动能。,保留为独立题例；v7重构时不得与其他题合并成一个案例。
2025海淀期末,Q16,boundary,边界提示块（非主干独立示例）,标题L6132?1. 2025海淀期末Q16 | 【设问】2025海淀期末第16题：咖啡企业出海相关设问。 | 【卷面句】咖啡企业出海题可用经济全球化、两个市场两种资源和稳定供应链作辅证，但主答案仍应服务企业经营与政策支持机制。,只可作为边界/跨模块提示；不得充当选必一主干覆盖。
2025海淀期末,Q21,absent,未找到独立示例（旧稿absent需回补）,未找到独立示例；当前学生版和v6修订稿均未定位到同套卷同题号题例标题。,P0优先回补：旧表已有细则上下文，回到原题和细则补成独立题例。
2025海淀期末,Q22,main,有独立示例,"标题L4029?4. 2025海淀期末Q22——愚公移山综合短文 | 【设问】结合材料，综合运用所学，围绕""愚公移山""这一主题，自选角度，自拟题目，撰写一篇短文。 | 【卷面句】中国以愚公移山的坚韧推动互联互通伙伴关系，致力于推动构建人类命运共同体，把愚公移山精神转化为促进世界共同发展的中国智慧、中国方案。",保留为独立题例；v7重构时不得与其他题合并成一个案例。
2025石景山一模,Q16,absent,未找到独立示例（旧稿absent需回补）,未找到独立示例；当前学生版和v6修订稿均未定位到同套卷同题号题例标题。,P0优先回补：旧表已有细则上下文，回到原题和细则补成独立题例。
2025石景山一模,Q17,main,有独立示例,"标题L2278?1. 2025石景山一模Q17(2) ""北京宣言""中的普惠包容全球化主张 | 【设问】结合材料二，运用《当代国际政治与经济》知识，概述完善全球治理的""中国主张""。（8分） | 【卷面句】中国主张推进普惠包容的经济全球化，让不同国家都能参与并享有经济社会发展成果，实现共同发展繁荣。",保留为独立题例；v7重构时不得与其他题合并成一个案例。
2025石景山一模,Q18,absent,未找到独立示例（旧稿absent需回补）,未找到独立示例；当前学生版和v6修订稿均未定位到同套卷同题号题例标题。,P0优先回补：旧表已有细则上下文，回到原题和细则补成独立题例。
2025西城一模,Q18,main,有独立示例,标题L2549?1. 2025西城一模 第18题 | 【设问】结合材料，运用《经济与社会》《当代国际政治与经济》知识，说明特色产业链如何利用国内外资源开拓海外市场。 | 【卷面句】地区利用特色资源优势打造特色产业链，借助便捷交通和高水平物流体系内外联通，畅通国际国内双循环，与其他国家合作共赢，使经济发展的内生动力与国际循环质量不断提升。,保留为独立题例；v7重构时不得与其他题合并成一个案例。
2025西城一模,Q21,main,有独立示例,标题L1315?8. 2025西城一模Q21 | 【设问】（1）运用所学，解释“我国的发展理念成为国际公共产品”这一现象。（6分）（2）我国还提供了哪些国际公共产品？试举一例简要说明。（2分） | 【卷面句】共建“一带一路”为共建国家参与国际经济合作提供机遇，推动经济全球化向更加开放、包容、普惠、平衡、共赢的方向发展。,保留为独立题例；v7重构时不得与其他题合并成一个案例。
2025西城一模,Q22,absent,未找到独立示例（旧稿absent需回补）,未找到独立示例；当前学生版和v6修订稿均未定位到同套卷同题号题例标题。,P0优先回补：旧表已有细则上下文，回到原题和细则补成独立题例。
2025西城二模,Q19,main,有独立示例,标题L1392?1. 2025西城二模 第19题第(2)问 | 【设问】结合材料，运用《当代国际政治与经济》知识，说明这一做法中的中国担当。 | 【卷面句】中国对最不发达国家实行零关税待遇，促进贸易自由化，推动建设开放型世界经济和普惠包容的经济全球化。,保留为独立题例；v7重构时不得与其他题合并成一个案例。
2025西城二模,Q20,main,有独立示例,标题L2606?1. 2025西城二模 第20题第(2)问 | 【设问】结合材料，运用《当代国际政治与经济》知识，说明这一做法中的中国担当。 | 【卷面句】中国对最不发达国家给予 100% 税目产品零关税待遇，推进普惠包容的经济全球化，建设开放型世界经济，促进贸易自由化，以实际行动促进共同发展、维护持久和平。,保留为独立题例；v7重构时不得与其他题合并成一个案例。
2025西城期末,Q20,main,有独立示例,标题L1516?7. 2025西城期末Q20 | 【设问】欧盟是中国整车出口的第一大市场，也是中国电动汽车出口的主要目的地。2024年10月，欧盟决定对从中国进口的纯电动汽车征收为期五年的高额反补贴税。中国汽车企业该如何应对？（6分） | 【卷面句】中国汽车企业应积极“走出去”，到其他国家投资设厂、开展多种合作，以本地化经营和国际协作克服贸易壁垒。,保留为独立题例；v7重构时不得与其他题合并成一个案例。
2025门头沟一模,Q19,main,有独立示例,"标题L1255?4. 2025门头沟一模Q19 | 【设问】结合材料，运用《当代国际政治与经济》的相关知识，分析中国做""赋能型大国""的世界意义？ | 【卷面句】中国通过外资准入""清零""、零关税待遇和优化营商环境，与各国共享发展机遇，推动经济全球化朝着更加开放、包容、普惠、平衡、共赢的方向发展。",保留为独立题例；v7重构时不得与其他题合并成一个案例。
2025门头沟一模,Q20,boundary,边界提示块（非主干独立示例）,标题L6113?1. 2025门头沟一模Q20 | 【设问】2025门头沟一模第20题：劳动合同诚信原则相关设问。 | 【卷面句】劳动合同诚信题应围绕合同履行、诚信原则和法律责任展开，国家关系民主化、世界多极化、多边主义细则明确不给分。,只可作为边界/跨模块提示；不得充当选必一主干覆盖。
2025顺义一模,Q20,main,有独立示例,标题L1285?6. 2025顺义一模Q20 | 【设问】结合材料，运用《当代国际政治与经济》知识，说明“小而美”项目为何成为中国开展国际发展合作的亮点和名片。 | 【卷面句】“小而美”项目聚焦共建国家民生需求，促进当地经济社会发展和民心相通，推动经济全球化朝着开放包容普惠的方向发展。,保留为独立题例；v7重构时不得与其他题合并成一个案例。
2026东城一模,Q19,main,有独立示例,标题L1193?2. 2026东城一模Q19(3) | 【设问】结合材料二，运用《当代国际政治与经济》知识，分析在推动未来产业中，北京是如何统筹高水平对外开放与提升产业链韧性之间关系的。（8分） | 【卷面句】北京坚持引进来与走出去相结合，举办世界级产业大会、设立国际科创枢纽联络处、研判全球产业链趋势，开展国际科创交流合作，发展更高层次开放型经济并稳步扩大制度型开放，为未来产业集聚全球创新资源。,保留为独立题例；v7重构时不得与其他题合并成一个案例。
2026东城二模,Q20,main,有独立示例,标题L1636?15. 2026东城二模 Q20(3) | 【设问】结合材料三，运用《当代国际政治与经济》知识，分析购在中国与投资中国如何协同发力，释放我国独特的开放红利。 | 【卷面句】中国促进投资自由化便利化，使外资更便利进入中国市场，提升商品和服务供给能力，带动购在中国持续扩容。,保留为独立题例；v7重构时不得与其他题合并成一个案例。
2026东城期中,Q20,absent,未找到独立示例（旧稿absent需回补）,未找到独立示例；当前学生版和v6修订稿均未定位到同套卷同题号题例标题。,先回源查评分细则；找到后补独立题例，找不到就在覆盖表写明阻断。
2026东城期中,Q21,absent,未找到独立示例（旧稿absent需回补）,未找到独立示例；当前学生版和v6修订稿均未定位到同套卷同题号题例标题。,P0优先回补：旧表已有细则上下文，回到原题和细则补成独立题例。
2026丰台一模,Q17,absent,未找到独立示例（旧稿absent需回补）,未找到独立示例；当前学生版和v6修订稿均未定位到同套卷同题号题例标题。,P0优先回补：旧表已有细则上下文，回到原题和细则补成独立题例。
2026丰台一模,Q18,absent,未找到独立示例（旧稿absent需回补）,未找到独立示例；当前学生版和v6修订稿均未定位到同套卷同题号题例标题。,P0优先回补：旧表已有细则上下文，回到原题和细则补成独立题例。
2026丰台一模,Q19,main,有独立示例,标题L541?4. 2026丰台一模Q19 | 【设问】结合材料，运用《当代国际政治与经济》知识，说明中国在全球可持续发展中彰显了怎样的大国情怀与担当。 | 【卷面句】中国致力于扩大同各国利益的汇合点，在消除贫困、教育普及和卫生健康等领域同各国合作，把自身发展成就转化为推动全球可持续发展的共同利益。,保留为独立题例；v7重构时不得与其他题合并成一个案例。
2026丰台二模,Q20,main,有独立示例,标题L917?6. 2026丰台二模Q20 | 【设问】结合材料，运用《当代国际政治与经济》知识，阐明中国加快推进自由贸易试验区/自由贸易港建设为世界注入更多确定性的原因。 | 【卷面句】中国加快推进自由贸易试验区和自由贸易港建设，顺应经济全球化发展趋势和和平、发展、合作、共赢的时代潮流，以持续开放为世界经济注入确定性。,保留为独立题例；v7重构时不得与其他题合并成一个案例。
2026丰台二模,Q22,boundary,边界提示块（非主干独立示例）,标题L6056?1. 2026丰台二模Q22 | 【设问】综合运用所学，谈谈对“建设社会主义现代化强国，关键在科技自立自强”的理解。 | 【卷面句】面对以经济和科技实力为基础的综合国力竞争，我国必须坚持独立自主、自力更生，突破关键核心技术，增强发展主动权和强国建设的安全可控。,只可作为边界/跨模块提示；不得充当选必一主干覆盖。
2026丰台期中,Q20,main,有独立示例,"标题L2644?1. 2026丰台期中 第20题（多边贸易体制与产业链供应链） | 【设问】结合材料，运用《当代国际政治与经济》知识，说明""五大工程""如何推动中拉双方在各自现代化征程上并肩前行，共筑中拉命运共同体新篇章。 | 【卷面句】中拉""发展工程""坚定维护多边贸易体制，维护全球产业链供应链稳定畅通，维护开放合作的国际环境，让中拉双方在现代化进程中共享开放红利。",保留为独立题例；v7重构时不得与其他题合并成一个案例。
2026延庆一模,Q19,main,有独立示例,"标题L194?12. 2026延庆一模第19题第(2)问——中国""推动重塑全球能源治理格局""的理论逻辑和价值意蕴 | 【设问】结合材料二，运用《当代国际政治与经济》知识，说明中国""推动重塑全球能源治理格局""的理论逻辑和价值意蕴。 | 【卷面句】中国推动绿色能源国际合作和全球能源治理格局重塑，顺应和平、发展、合作、共赢的历史潮流和经济全球化趋势，为各国能源转型提供合作空间。",保留为独立题例；v7重构时不得与其他题合并成一个案例。
2026延庆一模,Q20,absent,未找到独立示例（旧稿absent需回补）,未找到独立示例；当前学生版和v6修订稿均未定位到同套卷同题号题例标题。,P0优先回补：旧表已有细则上下文，回到原题和细则补成独立题例。
2026房山一模,Q16,absent,未找到独立示例（旧稿absent需回补）,未找到独立示例；当前学生版和v6修订稿均未定位到同套卷同题号题例标题。,P0优先回补：旧表已有细则上下文，回到原题和细则补成独立题例。
2026房山一模,Q19,main,有独立示例,标题L979?4. 2026房山一模Q19 | 【设问】结合材料，运用《当代国际政治与经济》知识，分析海南自贸港封关是如何助力国际循环的。 | 【卷面句】海南自贸港依托我国超大规模市场优势，以国内大循环吸引全球资源要素，增强国内国际两个市场两种资源联动效应，助力国际循环畅通。,保留为独立题例；v7重构时不得与其他题合并成一个案例。
2026房山一模,Q20,boundary,边界提示块（非主干独立示例）,标题L6151?1. 2026房山一模Q20 | 【设问】2026房山一模第20题：党与法治在中国式现代化中的关系。 | 【卷面句】党与法治综合题中可以少量写两个市场两种资源联动效应作为开放发展辅证，但不能替代《政治与法治》和综合论证主线。,只可作为边界/跨模块提示；不得充当选必一主干覆盖。
2026房山二模,Q20,main,有独立示例,标题L583?7. 2026房山二模 Q20 | 【设问】结合材料，运用《当代国际政治与经济》知识，分析世界数据组织完善全球数据治理，服务全球数字经济发展的智慧。 | 【卷面句】各方在数据发展和数字经济繁荣上存在共同利益，世界数据组织推动技术联合研发、标准对接互认和数据鸿沟弥合，有利于实现共同发展。,保留为独立题例；v7重构时不得与其他题合并成一个案例。
2026房山二模,Q21,boundary,边界提示块（非主干独立示例）,标题L6075?1. 2026房山二模Q21 | 【设问】结合材料，综合运用所学，谈谈你对“新征程就是新的长征”的理解。 | 【卷面句】走好新时代长征路，要统筹国内国际两个大局，推进高水平对外开放，推动建设新型国际关系，构建人类命运共同体，为中国式现代化营造有利外部环境。,只可作为边界/跨模块提示；不得充当选必一主干覆盖。
2026朝阳一模,Q19,absent,未找到独立示例（旧稿absent需回补）,未找到独立示例；当前学生版和v6修订稿均未定位到同套卷同题号题例标题。,P0优先回补：旧表已有细则上下文，回到原题和细则补成独立题例。
2026朝阳一模,Q20,main,有独立示例,标题L68?3. 2026朝阳一模 第20题 | 【设问】结合材料，运用《当代国际政治与经济》的知识，阐述中国为什么能为全球发展注入稳定性和正能量。 | 【卷面句】中国坚持开放合作、共享发展经验、扩大自贸朋友圈，符合和平与发展的时代主题，能够为全球发展注入稳定性和正能量。,保留为独立题例；v7重构时不得与其他题合并成一个案例。
2026朝阳一模,Q21,absent,未找到独立示例（旧稿absent需回补）,未找到独立示例；当前学生版和v6修订稿均未定位到同套卷同题号题例标题。,先回源查评分细则；找到后补独立题例，找不到就在覆盖表写明阻断。
2026朝阳二模,Q20,main,有独立示例,标题L264?17. 2026朝阳二模 Q20(2) | 【设问】结合材料，运用《当代国际政治与经济》知识，分析人类命运共同体理念为什么能维护世界和平与发展。 | 【卷面句】人类命运共同体理念超越狭隘民族国家本位，回应各国人民对和平与发展的共同追求，符合共同利益和当今时代主题。,保留为独立题例；v7重构时不得与其他题合并成一个案例。
2026朝阳二模,Q21,absent,未找到独立示例（旧稿absent需回补）,未找到独立示例；当前学生版和v6修订稿均未定位到同套卷同题号题例标题。,先回源查评分细则；找到后补独立题例，找不到就在覆盖表写明阻断。
2026朝阳期中,Q17,main,有独立示例,标题L808?1. 2026朝阳期中Q17 | 【设问】结合材料，运用《当代国际政治与经济》知识阐述我国应如何处理好推进“人工智能+”发展过程中的重要关系。 | 【卷面句】推进“人工智能+”要处理好自力更生和对外开放的关系，既增强核心技术自主可控能力、把握创新主动权，又开展国际交流合作，参与经济全球化和国际分工。,保留为独立题例；v7重构时不得与其他题合并成一个案例。
2026海淀一模,Q20,main,有独立示例,标题L1069?10. 2026海淀一模Q20 中国标准走出国门撬动两个市场两种资源 | 【设问】结合材料，运用《当代国际政治与经济》知识，谈谈中国标准走出国门的意义。 | 【卷面句】中国标准走出国门，有利于更好利用国内国际两个市场、两种资源，推动中国与世界在技术、产业、规则上深度互动、共享发展。,保留为独立题例；v7重构时不得与其他题合并成一个案例。
2026海淀二模,Q20,main,有独立示例,标题L236?15. 2026海淀二模 Q20(2) | 【设问】结合材料，运用《当代国际政治与经济》知识，围绕全球发展倡议从合作理念到丰富实践这一主题，撰写一篇短评。 | 【卷面句】和平与发展仍是时代主题，经济全球化和世界多极化深入发展，各国发展利益相互交织，全球发展倡议回应了国际社会追求共同发展的现实需要。,保留为独立题例；v7重构时不得与其他题合并成一个案例。
2026海淀期中,Q22,main,有独立示例,标题L208?13. 2026海淀期中Q22(1) | 【设问】运用《当代国际政治与经济》知识，说明全球治理倡议为什么能获得国际社会广泛认同。（6分） | 【卷面句】全球治理倡议顺应和平与发展的时代潮流，符合世界各国人民的共同愿望，因此能够获得国际社会广泛认同。,保留为独立题例；v7重构时不得与其他题合并成一个案例。
2026石景山一模,Q20,main,有独立示例,标题L513?2. 2026石景山一模Q20 | 【设问】运用《当代国际政治与经济》知识，任选两个关键词，说明中国倡议如何助推亚太合作。 | 【卷面句】中国倡议立足亚太各国在多边贸易、产业链供应链和开放发展中的共同利益，凝聚共同维护、共同推进、共享繁荣的合作共识，助推亚太合作走深走实。,保留为独立题例；v7重构时不得与其他题合并成一个案例。
2026石景山一模,Q21,absent,未找到独立示例（旧稿absent需回补）,未找到独立示例；当前学生版和v6修订稿均未定位到同套卷同题号题例标题。,P0优先回补：旧表已有细则上下文，回到原题和细则补成独立题例。
2026石景山二模,Q18,main,有独立示例,标题L482?7. 2026石景山二模 Q18 | 【设问】结合材料，运用《当代国际政治与经济》的知识，分析中国与东盟经贸合作不断提质升级的原因和意义。 | 【卷面句】国家利益和国家实力是影响国际关系的决定性因素，中国与东盟经贸合作提质升级，符合双方发展利益和区域经济合作需要。,保留为独立题例；v7重构时不得与其他题合并成一个案例。
2026石景山二模,Q19,absent,未找到独立示例（旧稿absent需回补）,未找到独立示例；当前学生版和v6修订稿均未定位到同套卷同题号题例标题。,P0优先回补：旧表已有细则上下文，回到原题和细则补成独立题例。
2026石景山期中,Q19,absent,未找到独立示例（旧稿absent需回补）,未找到独立示例；当前学生版和v6修订稿均未定位到同套卷同题号题例标题。,先回源查评分细则；找到后补独立题例，找不到就在覆盖表写明阻断。
2026西城一模,Q20,main,有独立示例,标题L639?11. 2026西城一模 第20题第(2)问（中国—东盟自贸区3.0版） | 【设问】结合材料，运用所学，分析中国—东盟自贸区3.0版是如何为区域发展和世界经济注入强劲动力的。 | 【卷面句】中国—东盟自贸区3.0版通过制度型开放与贸易投资便利化，扩大成员共同利益，把区域合作转化为推动多边贸易体系完善与全球经济治理体系改革的世界动力。,保留为独立题例；v7重构时不得与其他题合并成一个案例。
2026西城二模,Q19,main,有独立示例,标题L250?16. 2026西城二模 Q19(1) | 【设问】结合材料，运用当代国际政治知识，阐释中国参与全球数据治理的逻辑。 | 【卷面句】数字经济发展推动数据跨境流动，全球化发展趋势使数据治理成为各国共同面对的问题，中国参与全球数据治理符合和平与发展、全人类共同价值和人类共同利益。,保留为独立题例；v7重构时不得与其他题合并成一个案例。
2026西城期中,Q16,absent,未找到独立示例（旧稿absent需回补）,未找到独立示例；当前学生版和v6修订稿均未定位到同套卷同题号题例标题。,P0优先回补：旧表已有细则上下文，回到原题和细则补成独立题例。
2026通州期中,Q20,main,有独立示例,"标题L5600?1. 2026通州期中 第20题（共商共建共享与联合国宪章） | 【设问】结合材料，运用《当代国际政治与经济》知识，谈谈你对""全球治理倡议正逢其时、指引方向、彰显担当""的理解。 | 【卷面句】全球治理倡议是中国提出的关于完善全球治理的系统方案，其核心是秉持共商共建共享的全球治理观，与《联合国宪章》宗旨和原则一脉相承。",保留为独立题例；v7重构时不得与其他题合并成一个案例。
2026通州期中,Q21,absent,未找到独立示例（旧稿absent需回补）,未找到独立示例；当前学生版和v6修订稿均未定位到同套卷同题号题例标题。,P0优先回补：旧表已有细则上下文，回到原题和细则补成独立题例。
2026门头沟一模,Q20,main,有独立示例,标题L887?4. 2026门头沟一模第20题——海南自贸港全岛封关的国内国际意义 | 【设问】结合材料，运用《当代国际政治与经济》知识，分析海南自贸港全岛封关为何能为中国经济发展注入新动能、为世界经济开放发展注入新活力。 | 【卷面句】海南自贸港通过零关税商品扩围、加工增值免税销往内地和口岸申报便利化，把中国市场与世界市场更紧密地联结，主动推动经济全球化向更深层次迈进。,保留为独立题例；v7重构时不得与其他题合并成一个案例。
2026门头沟一模,Q21,main,有独立示例,标题L2410?1. 2026门头沟一模Q21 | 【设问】结合材料，综合运用所学，谈谈中国为何能为世界提供宝贵的确定性。 | 【卷面句】中国坚持互利共赢的开放战略，连续17年成为全球第二大进口市场，吸引跨国企业持续加码在华投资，在开放合作中同各国共享中国机遇，为世界经济稳定运行提供动力。,保留为独立题例；v7重构时不得与其他题合并成一个案例。
2026顺义一模,Q20,main,有独立示例,标题L166?10. 2026顺义一模Q20 | 【设问】结合材料，运用《当代国际政治与经济》知识，阐述科技小院成为南南合作典范的深层逻辑。 | 【卷面句】和平与发展仍是时代主题，科技小院顺应全球南方提升农业能力、改善民生的共同发展需求，通过技术合作和本土化人才培养，成为南南合作典范。,保留为独立题例；v7重构时不得与其他题合并成一个案例。
2026顺义一模,Q21,absent,未找到独立示例（旧稿absent需回补）,未找到独立示例；当前学生版和v6修订稿均未定位到同套卷同题号题例标题。,P0优先回补：旧表已有细则上下文，回到原题和细则补成独立题例。
2026顺义二模,Q20,main,有独立示例,标题L2308?3. 2026顺义二模Q20 | 【设问】结合材料，运用《当代国际政治与经济》知识，谈谈对“今天的中国，明天的世界”的理解。 | 【卷面句】中国坚持对外开放和互利共赢开放战略，通过微电网、打井工程、物流网络、希望农场等项目推进普惠包容的经济全球化，让世界经济发展更有活力。,保留为独立题例；v7重构时不得与其他题合并成一个案例。
