observation_id,plain_observation,question_ids,rubric_atom_ids,material_atom_ids,ask_type,evidence_type,evidence_level,what_student_must_judge,material_trigger,legal_knowledge_or_rule_triggered,rubric_reward,knowledge_material_value_type,full_score_sentence_pattern,must_have_keywords,risk_of_empty_value_talk,risk_of_legal_exam_overanalysis,module_boundary_risk,transfer_potential,counterexamples,confidence,should_enter_codebook,reason
S01,典型判决意义题先奖励法理依据，再奖励现实意义；现实意义必须由案件中的规则适用推出，空写公平、和谐、核心价值观只能拿边缘分。,[CC0002_2024_丰台_一模_17],"[R_CC0002_2024_丰台_一模_17_M17_01, R_CC0002_2024_丰台_一模_17_M17_02, R_CC0002_2024_丰台_一模_17_M17_03, R_CC0002_2024_丰台_一模_17_M17_04, R_CC0002_2024_丰台_一模_17_M17_05, R_CC0002_2024_丰台_一模_17_M17_06]","[M_CC0002_2024_丰台_一模_17_01, M_CC0002_2024_丰台_一模_17_02, M_CC0002_2024_丰台_一模_17_03, M_CC0002_2024_丰台_一模_17_04, M_CC0002_2024_丰台_一模_17_08]",谈法理依据和现实意义,evaluation_standard,formal,先判断甲某与乙某是否形成好意同乘关系，乙某是否存在故意或重大过失，甲某未系安全带与损害之间是否影响责任分配。,民法典关于无偿搭乘人损害减轻赔偿责任；资料卡解释好意同乘；甲某未听提醒系安全带；雨天路滑发生事故；法院酌情减轻乙某责任。,好意同乘；侵权责任；以事实为依据，以法律为准绳；无偿搭乘情形下减轻赔偿责任。,法理依据 5 分中含必踩点、关系判断、减责条件与事实分析；现实意义 3 分分别奖励维护双方合法权益、保障公正司法、弘扬核心价值观或社会和谐等。,knowledge+material+value,本案中，甲某无偿搭乘乙某车辆，双方形成好意同乘关系。乙某虽造成甲某受伤，但未显示故意或重大过失，且甲某未按提醒系好安全带，法院依据民法典和案件事实酌情减轻乙某赔偿责任，有利于维护双方合法权益、保障公正司法并弘扬友善互助的价值导向。,"好意同乘, 民法典, 无偿搭乘, 减轻赔偿责任, 故意或重大过失, 事实为依据, 法律为准绳",高。只写公平正义、社会和谐，不写好意同乘和减责条件，无法覆盖法理依据分。,中。无需展开复杂交通事故责任比例和损害赔偿项目。,低。本题直接要求运用法律与生活知识，且材料给出民法典条文。,高。可迁移到判决理由加现实意义类题，但必须先有具体规则和事实触发。,CC0001_2024_丰台_一模_16 中 M_CC0001_2024_丰台_一模_16_01 至 M_CC0001_2024_丰台_一模_16_13 与 R_CC0001_2024_丰台_一模_16_01 至 R_CC0001_2024_丰台_一模_16_13 出现政治与法治内容混入，不能作为好意同乘强证据。,high,yes,细则明确拆分法理依据和现实意义，且每个得分点均能回扣材料事实和法律规则。
S02,平台用工题的最小判断是是否存在事实劳动关系；得分机制依赖人格从属性、经济从属性、组织从属性与材料事实一一对应，仅背三个名词分值很低。,[CC0025_2024_朝阳_二模_17],"[R_CC0025_2024_朝阳_二模_17_09, R_CC0025_2024_朝阳_二模_17_10, R_CC0025_2024_朝阳_二模_17_11, R_CC0025_2024_朝阳_二模_17_12, R_CC0025_2024_朝阳_二模_17_13, R_CC0025_2024_朝阳_二模_17_14, R_CC0025_2024_朝阳_二模_17_16]","[M_CC0025_2024_朝阳_二模_17_03, M_CC0025_2024_朝阳_二模_17_04, M_CC0025_2024_朝阳_二模_17_05, M_CC0025_2024_朝阳_二模_17_06, M_CC0025_2024_朝阳_二模_17_07, M_CC0025_2024_朝阳_二模_17_08, M_CC0025_2024_朝阳_二模_17_09, M_CC0025_2024_朝阳_二模_17_10, M_CC0025_2024_朝阳_二模_17_11, M_CC0025_2024_朝阳_二模_17_13, M_CC0025_2024_朝阳_二模_17_14]",说明裁决理由并分析典型案例意义,marking_report,formal,王某与甲公司之间是合作关系还是事实劳动关系。,平台派单、签到、订单跟踪、奖惩扣费、服务费和奖励金、以平台名义提供运输服务、仲裁支持经济补偿。,新就业形态劳动关系认定；人格从属性；经济从属性；组织从属性；劳动者权益保护。,三个从属性各 1 分，归纳劳动关系 1 分；仅写三个从属性而不结合材料只给 1 分；意义分奖励保障新就业形态劳动者权益和发展和谐稳定劳动关系。,knowledge+material+value,甲公司通过平台派单并依据制度奖惩王某，体现人格从属性；甲公司掌握订单数据并单方制定服务费和奖励金标准，体现经济从属性；王某每日签到、接受派单并以平台名义提供运输服务，体现组织从属性。因此双方存在事实劳动关系，仲裁支持经济补偿有利于保障新就业形态劳动者权益，发展和谐稳定劳动关系。,"人格从属性, 经济从属性, 组织从属性, 事实劳动关系, 平台派单, 奖惩制度, 劳动者权益",高。只写保护劳动者、促进公平而不判定劳动关系，理由分缺失。,中。不需要展开劳动关系认定的全部规范体系，只需围绕三个从属性和案情。,低。材料、设问和细则均集中于劳动关系认定。,高。适合迁移到平台经济、灵活用工、新就业形态劳动争议。,CC0168_2025_海淀_二模_20 中 M_CC0168_2025_海淀_二模_20_01 和 R_CC0168_2025_海淀_二模_20_01 指向共享发展或国际组织评价，不能迁移此劳动关系机制。,high,yes,阅卷报告直接指出理例结合和仅背术语的扣分边界，判分机制清楚。
S03,劳动合同解除类题先判断劳动者是否违反诚信、职业道德或劳动义务，再判断用人单位解除行为是否合法；现实意义围绕用工自主权、权利义务统一和劳动关系健康发展展开。,"[CC0119_2025_丰台_期末_19, CC0213_2025_门头沟_一模_20, CC0214_2025_门头沟_一模_20_2]","[R_CC0119_2025_丰台_期末_19_M17_02, R_CC0119_2025_丰台_期末_19_M17_03, R_CC0119_2025_丰台_期末_19_M17_04, R_CC0119_2025_丰台_期末_19_M17_05, R_CC0119_2025_丰台_期末_19_M17_06, R_CC0119_2025_丰台_期末_19_M17_07, R_CC0213_2025_门头沟_一模_20_M17_03, R_CC0213_2025_门头沟_一模_20_M17_04, R_CC0213_2025_门头沟_一模_20_M17_05, R_CC0213_2025_门头沟_一模_20_M17_06, R_CC0213_2025_门头沟_一模_20_M17_07, R_CC0213_2025_门头沟_一模_20_M17_08, R_CC0213_2025_门头沟_一模_20_M17_09, R_CC0214_2025_门头沟_一模_20_2_02, R_CC0214_2025_门头沟_一模_20_2_03, R_CC0214_2025_门头沟_一模_20_2_04, R_CC0214_2025_门头沟_一模_20_2_05]","[M_CC0119_2025_丰台_期末_19_01, M_CC0119_2025_丰台_期末_19_02, M_CC0119_2025_丰台_期末_19_03, M_CC0119_2025_丰台_期末_19_10, M_CC0119_2025_丰台_期末_19_11, M_CC0213_2025_门头沟_一模_20_11, M_CC0213_2025_门头沟_一模_20_12, M_CC0213_2025_门头沟_一模_20_13, M_CC0213_2025_门头沟_一模_20_14, M_CC0214_2025_门头沟_一模_20_2_02, M_CC0214_2025_门头沟_一模_20_2_03, M_CC0214_2025_门头沟_一模_20_2_04]",阐释裁判理由；完成裁判理由,lecture_explicit_scoring + evaluation_standard + marking_rubric,formal,劳动者是否履行劳动义务；简历或履职行为是否违反诚信；用人单位解除劳动合同是否符合法律规定。,无故旷工、消极怠工、多次提醒仍未改变；简历隐瞒大量工作经历；签订劳动合同、试用期辞退、请求支付违法解除赔偿金。,劳动者完成劳动任务、遵守劳动纪律和职业道德；劳动合同订立诚信原则；欺诈导致劳动合同无效或部分无效；合法解除劳动关系。,规则、事实、解除合法性和现实意义分别给分；只写劳动者权益保护而忽略用人单位合法权益会偏。,knowledge+material+value,劳动者订立和履行劳动合同应遵循诚实信用原则并履行劳动义务。孙某未如实提供重要工作经历，使甲公司违背真实意思签订劳动合同，甲公司解除劳动关系符合法律规定；该判决有利于维护用人单位合法权益，引导劳动者遵守职业道德，构建和谐劳动关系。,"劳动合同法, 诚实信用原则, 劳动义务, 职业道德, 知情权, 合法解除, 用人单位合法权益",中。价值表达能得意义分，但必须跟随解除合法性判断。,中。不宜扩展到复杂劳动争议程序，只需处理解除合法性和意义。,低。劳动合同和劳动者权利义务信号明确。,高。可迁移到劳动者失信、严重违反规章制度、试用期解除等题。,CC0373_2026_顺义_一模_17 同时含 R_CC0373_2026_顺义_一模_17_01 都市圈政治细则和 R_CC0373_2026_顺义_一模_17_03 至 R_CC0373_2026_顺义_一模_17_07 劳动法细则，题号层面需拆分后再使用。,high,yes,多题 formal 证据均指向同一判分路径，且学生最容易误写为单向保护劳动者。
S04,竞业限制题的核心不是单向保护企业，也不是单向保护劳动者，而是按身份和信息性质判断竞业限制是否有效，再回答制度平衡。,[CC0181_2025_海淀_期末_21],"[R_CC0181_2025_海淀_期末_21_M17_01, R_CC0181_2025_海淀_期末_21_M17_02, R_CC0181_2025_海淀_期末_21_M17_03, R_CC0181_2025_海淀_期末_21_M17_04, R_CC0181_2025_海淀_期末_21_M17_05]","[M_CC0181_2025_海淀_期末_21_02, M_CC0181_2025_海淀_期末_21_03, M_CC0181_2025_海淀_期末_21_04, M_CC0181_2025_海淀_期末_21_05, M_CC0181_2025_海淀_期末_21_06, M_CC0181_2025_海淀_期末_21_07, M_CC0181_2025_海淀_期末_21_08, M_CC0181_2025_海淀_期末_21_09, M_CC0181_2025_海淀_期末_21_10, M_CC0181_2025_海淀_期末_21_11, M_CC0181_2025_海淀_期末_21_12]",说明法律规定竞业限制并限制竞业限制的原因,lecture_explicit_scoring,formal,劳动者是否属于负有保密义务人员，是否掌握商业秘密，竞业限制协议是否有效。,李某为高级管理人员，签订保密和竞业限制协议，离职后入职同业同岗，技术信息不为公众知悉；刘某为普通厨师，离职后从事冷菜制作，法院认为协议无效。,竞业限制；商业秘密保护；知识产权保护；劳动者劳动权利；人才资源合理配置。,规范竞业限制的意义 2 分，限制竞业限制的意义 2 分，平衡劳动者合法权益与企业商业秘密保护 2 分，案例判断各 1 分。,knowledge+material+value,李某属于负有保密义务的劳动者，掌握不为公众知悉的技术信息，离职后入职竞争企业并从事相同岗位，违反竞业限制义务，应承担违约责任。刘某只是普通厨师，并非负有保密义务人员，对其设置竞业限制会不当限制劳动权利，相关协议应属无效。法律规定并限制竞业限制，是为了平衡企业商业秘密保护和劳动者合法权益。,"竞业限制, 商业秘密, 负有保密义务, 普通员工, 协议无效, 劳动权利, 利益平衡",中。只写创新或公平竞争不够，必须比较两个案例身份。,中。不需要展开竞业补偿金、地域范围、期限等超材料内容。,低。设问和细则均围绕劳动法制度。,高。适合迁移到商业秘密保护、离职竞业、员工身份判断题。,CC0353_2026_西城_期中_17 的 R_CC0353_2026_西城_期中_17_01 和 M_CC0353_2026_西城_期中_17_01 仅为 reference_only，不足以独立支撑劳动与不正当竞争交叉节点。,high,yes,细则明确奖励制度正反两面和案例差异判断，能直接指导审题和满分句生成。
S05,合同题首先拆合同成立、合同生效或效力、履行或违约三个层次；把成立直接写成有效，或把违约直接写成侵权，都会丢核心分。,"[CC0054_2024_石景山_一模_17, CC0143_2025_朝阳_一模_19, CC0244_2026_东城_期中_18, CC0317_2026_海淀_期中_18]","[R_CC0054_2024_石景山_一模_17_M17_01, R_CC0054_2024_石景山_一模_17_M17_02, R_CC0054_2024_石景山_一模_17_M17_03, R_CC0143_2025_朝阳_一模_19_02, R_CC0143_2025_朝阳_一模_19_03, R_CC0143_2025_朝阳_一模_19_07, R_CC0143_2025_朝阳_一模_19_08, R_CC0143_2025_朝阳_一模_19_17, R_CC0244_2026_东城_期中_18_03, R_CC0244_2026_东城_期中_18_05, R_CC0244_2026_东城_期中_18_07, R_CC0244_2026_东城_期中_18_08, R_CC0317_2026_海淀_期中_18_01]","[M_CC0054_2024_石景山_一模_17_02, M_CC0054_2024_石景山_一模_17_04, M_CC0054_2024_石景山_一模_17_06, M_CC0143_2025_朝阳_一模_19_03, M_CC0143_2025_朝阳_一模_19_05, M_CC0143_2025_朝阳_一模_19_06, M_CC0143_2025_朝阳_一模_19_08, M_CC0244_2026_东城_期中_18_02, M_CC0244_2026_东城_期中_18_03, M_CC0244_2026_东城_期中_18_04, M_CC0244_2026_东城_期中_18_05, M_CC0244_2026_东城_期中_18_06, M_CC0244_2026_东城_期中_18_07, M_CC0317_2026_海淀_期中_18_02, M_CC0317_2026_海淀_期中_18_03, M_CC0317_2026_海淀_期中_18_04, M_CC0317_2026_海淀_期中_18_05]",说明合同成立理由；说明支持诉讼请求理由；分析法律责任；判断格式条款效力,lecture_explicit_scoring + marking_report + marking_rubric,formal,是否有要约与承诺；合同是否有效或可撤销；行为构成违约、格式条款无效还是欺诈。,比选报价内容具体确定、中标通知送达；机票支付并出票、平台隐性搭售；无人机全新原装承诺与损伤展示机交付；租赁合同预先拟定、未协商、限制承租方自由订约。,要约；承诺；合同成立；合同生效；可撤销合同；格式条款；全面履行原则；诚信原则；违约责任。,要约、承诺、合同成立分别给分；合同成立不等于生效单独给分；格式条款识别和限制权利导致无效给分；无人机题明确要求违约逻辑和侵权逻辑分开。,knowledge+material,甲公司报价内容具体确定，构成要约；乙公司确认中标并送达中标通知，构成承诺，通知到达后合同成立。合同成立后，一方未全面履行约定义务的，应承担违约责任；若格式条款由一方预先拟定且不合理限制对方权利，该条款应认定无效。,"要约, 承诺, 合同成立, 合同有效, 全面履行, 诚信原则, 格式条款, 可撤销, 违约责任",高。合同题价值句不能替代成立、效力、履行判断。,中。可写要件，但不要扩展到物权变动、复杂损害计算或无材料的合同法理论。,低。合同、格式条款、违约责任均为选必二高频法律材料信号。,高。适合迁移到买卖、服务、租赁、平台消费合同题。,CC0244_2026_东城_期中_18 的 R_CC0244_2026_东城_期中_18_05 特别提示本题不构成欺诈，说明合同路径不能机械套用消费者欺诈。,high,yes,多题细则反复奖励合同层级判断，且明确指出混同路径的学生错误。
S06,消费者欺诈和惩罚性赔偿题必须同时写经营者身份、欺诈事实、消费者权利或法律名称、赔偿请求；只写消费者权益受侵害或商家不诚信不够。,"[CC0143_2025_朝阳_一模_19, CC0063_2024_西城_二模_16, CC0305_2026_海淀_一模_18]","[R_CC0143_2025_朝阳_一模_19_05, R_CC0143_2025_朝阳_一模_19_08, R_CC0143_2025_朝阳_一模_19_09, R_CC0143_2025_朝阳_一模_19_10, R_CC0143_2025_朝阳_一模_19_21, R_CC0143_2025_朝阳_一模_19_22, R_CC0063_2024_西城_二模_16_01, R_CC0305_2026_海淀_一模_18_06]","[M_CC0143_2025_朝阳_一模_19_05, M_CC0143_2025_朝阳_一模_19_06, M_CC0143_2025_朝阳_一模_19_08, M_CC0063_2024_西城_二模_16_04, M_CC0063_2024_西城_二模_16_06, M_CC0063_2024_西城_二模_16_08, M_CC0305_2026_海淀_一模_18_10, M_CC0305_2026_海淀_一模_18_11, M_CC0305_2026_海淀_一模_18_12, M_CC0305_2026_海淀_一模_18_14]",说明法院支持诉讼请求理由；分析判决意义；分析诉讼请求,marking_report + marking_rubric,formal,是否存在经营者欺诈，消费者提出的是退还价款、三倍赔偿、十倍赔偿还是其他请求。,擅自搭售外卖红包、消费者无法知悉费用细节且无法拒绝；不符合食品安全标准、首单合理消费与后续超量加购区分；虚假宣传治疗功效、诱导消费。,消费者权益保护法；食品安全惩罚性赔偿；知情权；公平交易权；自主选择权；经营者欺诈；惩罚性赔偿。,消费者权益保护法名称必须准确；搭售的三个材料条件写全才得分；欺诈不能写成诈骗；三倍赔偿和退还票款要分别回应；食品安全题奖励合理支持首单并限制超量加购。,knowledge+material+value,A 公司作为经营者，在销售机票时通过技术手段擅自搭售 10 元红包，王某不能清楚知悉费用细节且无法拒绝支付，构成欺诈并侵害消费者知情权、自主选择权。依据消费者权益保护法，法院应支持退还票款和三倍赔偿请求。,"消费者权益保护法, 经营者, 欺诈, 知情权, 自主选择权, 三倍赔偿, 惩罚性赔偿, 退还价款",高。泛写维护消费者权益只能覆盖意义，难以覆盖核心理由。,中。无需展开诈骗罪、合同诈骗或刑法判断。,低。消费者法律名称、赔偿请求和经营者行为清晰。,高。可迁移到网络消费、食品安全、服务消费欺诈题。,CC0244_2026_东城_期中_18 中 R_CC0244_2026_东城_期中_18_05 明确无人机题不构成欺诈，提示不可见到质量问题就套惩罚性赔偿。,high,yes,细则直接给出术语精确性、材料条件完整性和诉讼请求拆分要求。
S07,人格权和未成年人相关题的判分对权利名称、主体身份和法律术语高度敏感；限制民事行为能力人、名誉权、隐私权、身体权或健康权不能随意替换。,"[CC0084_2025_东城_二模_19, CC0200_2025_西城_二模_18, CC0305_2026_海淀_一模_18]","[R_CC0084_2025_东城_二模_19_02, R_CC0084_2025_东城_二模_19_03, R_CC0084_2025_东城_二模_19_07, R_CC0084_2025_东城_二模_19_09, R_CC0084_2025_东城_二模_19_11, R_CC0200_2025_西城_二模_18_01, R_CC0305_2026_海淀_一模_18_05]","[M_CC0084_2025_东城_二模_19_02, M_CC0084_2025_东城_二模_19_05, M_CC0084_2025_东城_二模_19_06, M_CC0084_2025_东城_二模_19_13, M_CC0200_2025_西城_二模_18_01, M_CC0200_2025_西城_二模_18_06, M_CC0200_2025_西城_二模_18_07, M_CC0305_2026_海淀_一模_18_07, M_CC0305_2026_海淀_一模_18_08]",完成表格；分析判决结果；分析诉讼请求,marking_report + marking_rubric,formal,13 岁钱某、17 岁小刘属于何种民事行为能力状态；自媒体行为侵害的是名誉权还是一般声誉；包间监控和聊天信息公开是否侵害隐私权。,13 周岁文身并收费；无事实依据发布负面评价导致严重负面影响；17 岁未成年人绕过平台监管打赏 45 万；商家公开包厢监控和聊天信息。,限制民事行为能力人；法定代理人追认；身体权；健康权；名誉权；隐私权；侵权责任；监护人。,限制民事行为能力人术语写错不得分；名誉权不可替换；完全抄材料而不提侮辱、诽谤、社会评价降低不得要件分；隐私权题奖励民法典规则、私密性事实和停止侵权赔礼道歉责任。,knowledge+material,钱某为 13 周岁，属于限制民事行为能力人，其大面积文身合同未经法定代理人追认，合同效力存在问题；经营者未尽核实义务并造成身体或健康损害，应承担相应责任。杨某发布无事实依据的侮辱、诽谤性内容，造成公司社会评价降低，侵害名誉权。,"限制民事行为能力人, 法定代理人追认, 身体权, 健康权, 名誉权, 社会评价降低, 隐私权, 侵权责任",高。只写保护未成年人、维护公民权利不满足术语要求。,中。无需展开完整人格权编体系，重点是题内权利名称与事实对应。,低。人格权和未成年人消费信号明确。,高。适合迁移到未成年人消费、网络侵权、自媒体侵权、隐私保护题。,CC0353_2026_西城_期中_17 的 R_CC0353_2026_西城_期中_17_01 仅 reference_only，未成年人保护法和不正当竞争交叉不能单独支撑强节点。,high,yes,阅卷报告直接指出术语错误、抄材料和权利名称替换的扣分方式。
S08,违约、侵权、不正当竞争、举证责任各有不同的作答路径；学生把侵权要件套进违约题，或把程序路径写成泛维权，会明显失分。,"[CC0244_2026_东城_期中_18, CC0084_2025_东城_二模_19, CC0254_2026_丰台_二模_18, CC0325_2026_石景山_一模_18]","[R_CC0244_2026_东城_期中_18_03, R_CC0244_2026_东城_期中_18_05, R_CC0244_2026_东城_期中_18_06, R_CC0244_2026_东城_期中_18_08, R_CC0084_2025_东城_二模_19_11, R_CC0254_2026_丰台_二模_18_02, R_CC0254_2026_丰台_二模_18_06, R_CC0254_2026_丰台_二模_18_07, R_CC0325_2026_石景山_一模_18_02, R_CC0325_2026_石景山_一模_18_03]","[M_CC0244_2026_东城_期中_18_04, M_CC0244_2026_东城_期中_18_05, M_CC0244_2026_东城_期中_18_06, M_CC0244_2026_东城_期中_18_07, M_CC0084_2025_东城_二模_19_02, M_CC0084_2025_东城_二模_19_05, M_CC0084_2025_东城_二模_19_06, M_CC0084_2025_东城_二模_19_13, M_CC0254_2026_丰台_二模_18_02, M_CC0254_2026_丰台_二模_18_06, M_CC0254_2026_丰台_二模_18_11, M_CC0254_2026_丰台_二模_18_12, M_CC0325_2026_石景山_一模_18_02, M_CC0325_2026_石景山_一模_18_07, M_CC0325_2026_石景山_一模_18_08]",分析法律责任；完成表格；理解法治与德治；分析举证责任,marking_rubric + marking_report,formal,本案主要路径是合同违约、侵权责任、过错推定、无过错责任、不正当竞争，还是举证责任分配。,损伤展示机导致无人机坠毁并伤人；动物侵权责任和生态修复调解；窗户坠落砸车；格式条款或自媒体侵权材料。,违约责任；侵权责任；无过错责任；过错推定；举证责任倒置；谁主张谁举证；合同问题和侵权问题区分。,无人机题明示违约逻辑、侵权逻辑和不正当竞争逻辑不能混同；生态题指出学生分不清过错推定与无过错责任；举证题奖励对民事诉讼中原告证明损害和因果关系、建筑物使用人证明无过错的分配判断。,knowledge+material,若按违约路径，先说明合同成立且有效，再指出刘某交付损伤展示机，未全面履行合同义务，构成违约并承担赔偿损失等违约责任。若按侵权路径，则应说明受保护权益、损害结果、因果关系和相应归责规则，不应用侵权要件替代违约分析。,"违约责任, 侵权责任, 合同成立且有效, 全面履行, 无过错责任, 过错推定, 举证责任倒置, 因果关系",高。泛写公平、公正、法治不会替代路径判断。,高。学生可能过度展开法考式四要件，导致偏离材料和分值。,中。部分题含教学建议或复练材料，使用时要锁定法律题原子。,高。可迁移到所有责任归属题，但必须先判断路径。,CC0364_2026_通州_期中_19_1 的 R_CC0364_2026_通州_期中_19_1_05 至 R_CC0364_2026_通州_期中_19_1_08 是逻辑推理判分，不能纳入法律责任路径。,high,yes,多个阅卷材料直接暴露学生路径混同问题，且细则提供了可操作的区分句式。
S09,知识产权与创新题的得分不是喊创新口号，而是写清权利类型、侵权或保护措施、制度效果，再把创新价值接上去。,"[CC0103_2025_丰台_一模_19, CC0131_2025_房山_一模_19, CC0283_2026_朝阳_一模_18, CC0137_2025_昌平_二模_20]","[R_CC0103_2025_丰台_一模_19_01, R_CC0131_2025_房山_一模_19_05, R_CC0131_2025_房山_一模_19_06, R_CC0131_2025_房山_一模_19_10, R_CC0283_2026_朝阳_一模_18_02, R_CC0283_2026_朝阳_一模_18_03, R_CC0283_2026_朝阳_一模_18_04, R_CC0283_2026_朝阳_一模_18_05, R_CC0137_2025_昌平_二模_20_02, R_CC0137_2025_昌平_二模_20_03, R_CC0137_2025_昌平_二模_20_04, R_CC0137_2025_昌平_二模_20_05, R_CC0137_2025_昌平_二模_20_06, R_CC0137_2025_昌平_二模_20_07]","[M_CC0103_2025_丰台_一模_19_01, M_CC0103_2025_丰台_一模_19_02, M_CC0103_2025_丰台_一模_19_03, M_CC0103_2025_丰台_一模_19_04, M_CC0131_2025_房山_一模_19_02, M_CC0131_2025_房山_一模_19_06, M_CC0131_2025_房山_一模_19_08, M_CC0131_2025_房山_一模_19_10, M_CC0131_2025_房山_一模_19_12, M_CC0283_2026_朝阳_一模_18_02, M_CC0283_2026_朝阳_一模_18_04, M_CC0283_2026_朝阳_一模_18_06, M_CC0283_2026_朝阳_一模_18_08, M_CC0137_2025_昌平_二模_20_15, M_CC0137_2025_昌平_二模_20_16, M_CC0137_2025_昌平_二模_20_17, M_CC0137_2025_昌平_二模_20_18, M_CC0137_2025_昌平_二模_20_19]",分析典型案例意义；说明法院如何保护知识产权；完成裁判理由,marking_rubric + evaluation_standard,formal,涉案对象是技术秘密、著作权、信息网络传播权、署名权，还是知识产权纠纷解决措施。,近 40 名人员离职加入被告并利用技术信息申请专利；惩罚性赔偿 6.4 亿；调解知识产权纠纷；AI 绘图被擅自配图并抹去水印；法院支持权利人请求。,知识产权保护；技术秘密；著作权；信息网络传播权；署名权；惩罚性赔偿；调解；恶意诉讼规制。,奖励维护权利人权益、严惩侵权、提高侵权成本、调解减少诉讼干扰、遏制不诚信诉讼、为创新提供法治保障；AI 图片题奖励著作权主体、智力成果和独创性、未经许可和抹水印的侵权判断。,knowledge+material+value,李某使用 AI 制作的图片具备智力成果和独创性，依法受著作权保护；刘某未经许可使用并抹去水印，侵害李某信息网络传播权和署名权，应承担侵权责任。法院依法保护知识产权并提高侵权成本，有利于维护权利人合法权益，激发创新活力。,"知识产权, 技术秘密, 著作权, 独创性, 信息网络传播权, 署名权, 惩罚性赔偿, 创新活力",高。只写保护创新、发展新质生产力，缺权利类型和侵权事实，难得核心分。,中。不需要展开著作权法全部客体或专利审查规则。,中。部分知识产权题与新质生产力、哲学或经济材料相连，必须保留法律原子。,高。适合迁移到技术秘密、AI 作品、平台内容、创新保护题。,CC0311_2026_海淀_二模_18 的 R_CC0311_2026_海淀_二模_18_M17_01 至 R_CC0311_2026_海淀_二模_18_M17_05 为 reference_only，只能作为弱观察补充。,high,yes,多题 formal 证据显示知识产权价值分均由具体权利、责任或程序措施推出。
S10,不正当竞争题的最小判断是经营者行为是否扰乱竞争秩序并损害其他经营者或消费者权益；商业诋毁、混淆、虚假宣传、技术干扰平台规则等事实要分别转成法律语言。,"[CC0238_2026_东城_二模_19, CC0319_2026_海淀_期中_19, CC0277_2026_房山_二模_18, CC0206_2025_西城_期末_19, CC0131_2025_房山_一模_19]","[R_CC0238_2026_东城_二模_19_M17_01, R_CC0238_2026_东城_二模_19_M17_02, R_CC0238_2026_东城_二模_19_M17_03, R_CC0238_2026_东城_二模_19_M17_05, R_CC0238_2026_东城_二模_19_M17_06, R_CC0319_2026_海淀_期中_19_01, R_CC0277_2026_房山_二模_18_01, R_CC0277_2026_房山_二模_18_02, R_CC0277_2026_房山_二模_18_03, R_CC0277_2026_房山_二模_18_04, R_CC0277_2026_房山_二模_18_05, R_CC0277_2026_房山_二模_18_06, R_CC0277_2026_房山_二模_18_07, R_CC0206_2025_西城_期末_19_01, R_CC0131_2025_房山_一模_19_05]","[M_CC0238_2026_东城_二模_19_05, M_CC0238_2026_东城_二模_19_06, M_CC0238_2026_东城_二模_19_07, M_CC0238_2026_东城_二模_19_08, M_CC0319_2026_海淀_期中_19_01, M_CC0319_2026_海淀_期中_19_02, M_CC0319_2026_海淀_期中_19_03, M_CC0277_2026_房山_二模_18_01, M_CC0277_2026_房山_二模_18_02, M_CC0277_2026_房山_二模_18_03, M_CC0277_2026_房山_二模_18_04, M_CC0206_2025_西城_期末_19_04, M_CC0206_2025_西城_期末_19_05, M_CC0206_2025_西城_期末_19_06, M_CC0206_2025_西城_期末_19_07, M_CC0206_2025_西城_期末_19_08, M_CC0131_2025_房山_一模_19_06, M_CC0131_2025_房山_一模_19_08, M_CC0131_2025_房山_一模_19_10]",评析行为；分析判决；说明法律边界及应对措施,marking_rubric + evaluation_standard,formal,行为属于商业诋毁、混淆、虚假宣传、破坏平台规则，还是普通违约或劳动纪律问题。,捏造事实贬低竞争者；技术抢票破坏平台购票规则；数字员工生成虚假负面数据文章；抢注小爱同学并发布引人误解宣传；核心代码上传公共 AI 平台。,反不正当竞争法；商业诋毁；混淆；虚假宣传；经营者商业道德；侵权责任；名誉权；商业秘密；著作权。,商业诋毁获取竞争优势给 2 分；不正当竞争定义和技术干扰平台规则给分；数字员工题按风险项给分，不正当竞争、名誉权、商业秘密泄露、著作权各有分值；小爱同学题奖励混淆及虚假宣传判断和数字经济价值。,knowledge+material+value,郑某利用技术手段提供不正当抢票优势，破坏平台购票规则，干扰平台售票业务，损害甲公司信誉和消费者公平购票利益，扰乱市场竞争秩序，构成不正当竞争，应承担侵权责任。,"反不正当竞争法, 经营者, 商业诋毁, 混淆, 虚假宣传, 平台规则, 市场竞争秩序, 消费者合法权益",中。市场秩序价值可得意义分，但必须有行为定性。,中。不宜扩展到刑事犯罪或行政处罚，除非材料给出。,中。部分题与营商环境、数字经济或哲学复练混杂，需锁定法律行为原子。,高。适合迁移到品牌抢注、平台技术干扰、商业诋毁、AI 经营风险题。,CC0277_2026_房山_二模_18 中 R_CC0277_2026_房山_二模_18_08 至 R_CC0277_2026_房山_二模_18_11 为哲学扬弃内容，不应纳入不正当竞争观察。,high,yes,多题 formal 证据反复出现反不正当竞争法下的事实转译和市场价值奖励。
S11,纠纷解决和证据题不是简单罗列协商、调解、仲裁、诉讼，而是根据材料中的已发生步骤、标的大小、证据状态和诉讼类型选择可行路径。,"[CC0125_2025_延庆_一模_19, CC0245_2026_东城_期中_18_2, CC0325_2026_石景山_一模_18, CC0223_2025_顺义_一模_19, CC0283_2026_朝阳_一模_18]","[R_CC0125_2025_延庆_一模_19_M17_01, R_CC0125_2025_延庆_一模_19_M17_02, R_CC0125_2025_延庆_一模_19_M17_03, R_CC0125_2025_延庆_一模_19_M17_04, R_CC0125_2025_延庆_一模_19_M17_05, R_CC0245_2026_东城_期中_18_2_01, R_CC0245_2026_东城_期中_18_2_02, R_CC0245_2026_东城_期中_18_2_03, R_CC0245_2026_东城_期中_18_2_04, R_CC0325_2026_石景山_一模_18_01, R_CC0325_2026_石景山_一模_18_02, R_CC0325_2026_石景山_一模_18_03, R_CC0223_2025_顺义_一模_19_M17_01, R_CC0223_2025_顺义_一模_19_M17_06, R_CC0283_2026_朝阳_一模_18_02]","[M_CC0125_2025_延庆_一模_19_02, M_CC0125_2025_延庆_一模_19_03, M_CC0125_2025_延庆_一模_19_06, M_CC0125_2025_延庆_一模_19_07, M_CC0125_2025_延庆_一模_19_08, M_CC0125_2025_延庆_一模_19_09, M_CC0245_2026_东城_期中_18_2_03, M_CC0245_2026_东城_期中_18_2_04, M_CC0245_2026_东城_期中_18_2_05, M_CC0245_2026_东城_期中_18_2_06, M_CC0245_2026_东城_期中_18_2_07, M_CC0245_2026_东城_期中_18_2_11, M_CC0245_2026_东城_期中_18_2_13, M_CC0325_2026_石景山_一模_18_02, M_CC0325_2026_石景山_一模_18_06, M_CC0325_2026_石景山_一模_18_07, M_CC0325_2026_石景山_一模_18_08, M_CC0325_2026_石景山_一模_18_12, M_CC0223_2025_顺义_一模_19_01, M_CC0223_2025_顺义_一模_19_02, M_CC0223_2025_顺义_一模_19_15, M_CC0223_2025_顺义_一模_19_17, M_CC0223_2025_顺义_一模_19_18, M_CC0283_2026_朝阳_一模_18_02, M_CC0283_2026_朝阳_一模_18_08]",如何调解并说明理由；维权准备和策略选择；分析举证责任；说明纠纷解决方式作用,evaluation_standard + marking_rubric,formal,本案已协商未果还是适宜调解；是否有仲裁协议；应由谁举证；证据是否已灭失；诉讼类型是民事、行政还是刑事。,仅退款后商品已扔掉；协商未果；准备起诉状、身份信息和证据；不能直接上诉或对个人提行政诉讼；窗户坠落砸车；行政行为合法性争议；法院调解邻里纠纷。,调解；仲裁；诉讼；起诉状；诉讼时效；证据；举证责任；谁主张谁举证；举证责任倒置；多元纠纷解决机制。,调解题奖励诚信、合同解除、返还货物、证据意识；维权题奖励路径、证据、权利义务和合理诉求；举证题奖励按诉讼类型分配举证责任；多元纠纷题奖励调解实质化解纠纷和治理价值。,knowledge+material+value,陈某已与刘某协商未果，不能再简单建议协商；可选择调解、仲裁或诉讼，若选择仲裁需有有效仲裁协议，若起诉需准备起诉状、原被告身份信息和能够证明合同、故障、损害及因果关系的证据，并明确主张违约责任或侵权责任。,"调解, 仲裁协议, 诉讼, 起诉状, 证据, 举证责任, 证据链, 诚信原则, 合同解除",高。只写依法维权、维护公平无法覆盖程序和证据分。,中。无需写完整民诉流程，题内要求是可行准备和分配理由。,中。CC0223 为综合风险题，需保留相邻关系、行政裁决、行政诉讼等法律原子。,高。适合迁移到维权建议、调解理由、证据责任表格题。,CC0094_2025_东城_期末_19_3 的 M_CC0094_2025_东城_期末_19_3_11 显示学生把分歧误写成调解，提示不能见分歧就套调解。,high,yes,多题明确显示程序路径、证据材料和诉讼类型是独立得分对象。
S12,相邻关系、权利边界和绿色发展题的法律分来自权利义务边界、法定义务和救济责任；和谐邻里、绿色发展、公共利益只能在法律路径后形成价值分。,"[CC0223_2025_顺义_一模_19, CC0364_2026_通州_期中_19_1, CC0011_2024_丰台_二模_17, CC0340_2026_西城_一模_17, CC0254_2026_丰台_二模_18]","[R_CC0223_2025_顺义_一模_19_M17_02, R_CC0223_2025_顺义_一模_19_M17_03, R_CC0223_2025_顺义_一模_19_M17_04, R_CC0223_2025_顺义_一模_19_M17_05, R_CC0223_2025_顺义_一模_19_M17_06, R_CC0364_2026_通州_期中_19_1_01, R_CC0011_2024_丰台_二模_17_01, R_CC0340_2026_西城_一模_17_01, R_CC0254_2026_丰台_二模_18_09]","[M_CC0223_2025_顺义_一模_19_01, M_CC0223_2025_顺义_一模_19_02, M_CC0223_2025_顺义_一模_19_03, M_CC0223_2025_顺义_一模_19_04, M_CC0223_2025_顺义_一模_19_15, M_CC0364_2026_通州_期中_19_1_01, M_CC0364_2026_通州_期中_19_1_03, M_CC0364_2026_通州_期中_19_1_04, M_CC0364_2026_通州_期中_19_1_05, M_CC0364_2026_通州_期中_19_1_06, M_CC0364_2026_通州_期中_19_1_07, M_CC0011_2024_丰台_二模_17_01, M_CC0011_2024_丰台_二模_17_02, M_CC0011_2024_丰台_二模_17_03, M_CC0011_2024_丰台_二模_17_04, M_CC0011_2024_丰台_二模_17_06, M_CC0011_2024_丰台_二模_17_07, M_CC0011_2024_丰台_二模_17_08, M_CC0011_2024_丰台_二模_17_09, M_CC0340_2026_西城_一模_17_02, M_CC0340_2026_西城_一模_17_04, M_CC0340_2026_西城_一模_17_06, M_CC0340_2026_西城_一模_17_07, M_CC0254_2026_丰台_二模_18_01, M_CC0254_2026_丰台_二模_18_02, M_CC0254_2026_丰台_二模_18_03, M_CC0254_2026_丰台_二模_18_04, M_CC0254_2026_丰台_二模_18_05, M_CC0254_2026_丰台_二模_18_06, M_CC0254_2026_丰台_二模_18_07]",阐释定分止争价值；分析判决理由；说明民法典规定如何推动绿色发展；谈理解,evaluation_standard + marking_rubric,formal,权利人行使权利是否超过正当界限；相邻关系是否适用；生态保护是绿色原则、物权义务、侵权责任还是调解修复问题。,门口堆放杂物影响通行；加装电梯程序合法且未造成采光影响；民法典物权编规定业主义务、停止侵害和排除妨碍；污染破坏环境承担侵权责任；分期赔偿加生态修复。,相邻关系；有利生产、方便生活、团结互助、公平合理；绿色原则；物权权利义务；停止侵害；排除妨碍；恢复原状；侵权责任；生态修复。,相邻关系题奖励共有部分合理使用、相邻权规则和多元纠纷价值；绿色题奖励民法绿色原则、权利界限、法定义务、法律责任与救济、公共利益和可持续发展。,knowledge+material+value,不动产相邻权利人应按照有利生产、方便生活、团结互助、公平合理原则正确处理相邻关系。范某阻碍已依法获批且尽量减少影响的加装电梯工程，超过了权利行使边界，法院判令停止妨害有利于维护相邻业主合法权益和邻里和谐。,"相邻关系, 权利界限, 共有部分, 民法典, 绿色原则, 法定义务, 侵权责任, 生态修复, 公共利益",高。只写绿色发展、邻里和谐、核心价值观，法律路径不足。,中。不宜脱离材料扩展物权编全体系。,中。CC0364 同题含逻辑与思维第二问，需限定为 R_CC0364_2026_通州_期中_19_1_01 法律部分。,高。适合迁移到加装电梯、通行采光、物业环境、生态侵权和绿色民法题。,CC0364_2026_通州_期中_19_1 的 R_CC0364_2026_通州_期中_19_1_05 至 R_CC0364_2026_通州_期中_19_1_08 是逻辑推理分，不应进入相邻关系法律观察。,high,yes,多题将法律规则、材料事实和价值意义清晰分层，能形成稳定答题观察。
S13,主观题中的材料不能原样搬运，必须转化为法律语言；细则对翻译替换、术语准确、材料条件完整性有直接奖励或扣分。,"[CC0084_2025_东城_二模_19, CC0143_2025_朝阳_一模_19, CC0025_2024_朝阳_二模_17, CC0245_2026_东城_期中_18_2]","[R_CC0084_2025_东城_二模_19_09, R_CC0084_2025_东城_二模_19_10, R_CC0084_2025_东城_二模_19_11, R_CC0143_2025_朝阳_一模_19_11, R_CC0143_2025_朝阳_一模_19_13, R_CC0143_2025_朝阳_一模_19_17, R_CC0143_2025_朝阳_一模_19_21, R_CC0143_2025_朝阳_一模_19_22, R_CC0143_2025_朝阳_一模_19_25, R_CC0025_2024_朝阳_二模_17_14, R_CC0245_2026_东城_期中_18_2_02, R_CC0245_2026_东城_期中_18_2_04]","[M_CC0084_2025_东城_二模_19_05, M_CC0084_2025_东城_二模_19_06, M_CC0084_2025_东城_二模_19_13, M_CC0143_2025_朝阳_一模_19_05, M_CC0143_2025_朝阳_一模_19_08, M_CC0025_2024_朝阳_二模_17_03, M_CC0025_2024_朝阳_二模_17_04, M_CC0025_2024_朝阳_二模_17_05, M_CC0025_2024_朝阳_二模_17_06, M_CC0025_2024_朝阳_二模_17_07, M_CC0025_2024_朝阳_二模_17_08, M_CC0025_2024_朝阳_二模_17_09, M_CC0025_2024_朝阳_二模_17_10, M_CC0025_2024_朝阳_二模_17_11, M_CC0025_2024_朝阳_二模_17_13, M_CC0245_2026_东城_期中_18_2_09, M_CC0245_2026_东城_期中_18_2_11, M_CC0245_2026_东城_期中_18_2_13]",表格填空；说明理由；维权建议；案例意义,marking_report + marking_rubric,formal,材料事实应转化成哪个法律词，是否需要完整列出条件。,无事实依据评价导致严重负面影响，要转为侮辱、诽谤、社会评价降低；隐性搭售要转为欺诈和违背真实意思；平台派单、奖惩、数据、业务组成要转为三个从属性；协商未果不能继续写协商。,法律事实提取；权利名称；法律因果关系；诉讼请求拆分；证据类型归纳。,完全抄材料不得要件分；法律名称写错不给分；仅写三个从属性但无材料只给 1 分；维权题要求从具体证据上升到依法收集并固化证据、形成证据链。,material+knowledge,材料中无事实依据评价某公司并造成严重负面影响，应转化为以侮辱、诽谤等方式造成社会评价降低，侵害名誉权；材料中擅自搭售且消费者无法知悉、无法拒绝，应转化为经营者欺诈并侵害消费者知情权和自主选择权。,"转化, 提取, 法律语言, 侮辱, 诽谤, 社会评价降低, 欺诈, 三个从属性, 证据链",高。抄材料加价值话术会丢术语分。,中。转化应贴合高中细则，不宜引入复杂法条构成。,低到中。材料翻译机制跨法律题稳定，但遇综合题需先确认模块。,高。适合作为审题和生成满分句的通用观察。,CC0094_2025_东城_期末_19_3 的 R_CC0094_2025_东城_期末_19_3_05 至 R_CC0094_2025_东城_期末_19_3_06 也有脱离设问问题，但该题为 reference_only 且模块混杂，只能辅助验证。,high,yes,阅卷报告直接记录了学生不会提取、不会翻译、术语混乱的扣分事实。
S14,设问动词会改变答案形态：说明理由、评析行为、如何调解、维权准备、完成裁判理由、说明作用，不能套同一种判决意义模板。,"[CC0143_2025_朝阳_一模_19, CC0125_2025_延庆_一模_19, CC0245_2026_东城_期中_18_2, CC0283_2026_朝阳_一模_18, CC0213_2025_门头沟_一模_20, CC0254_2026_丰台_二模_18]","[R_CC0143_2025_朝阳_一模_19_15, R_CC0143_2025_朝阳_一模_19_16, R_CC0143_2025_朝阳_一模_19_23, R_CC0125_2025_延庆_一模_19_M17_01, R_CC0125_2025_延庆_一模_19_M17_02, R_CC0125_2025_延庆_一模_19_M17_03, R_CC0125_2025_延庆_一模_19_M17_04, R_CC0245_2026_东城_期中_18_2_01, R_CC0283_2026_朝阳_一模_18_01, R_CC0283_2026_朝阳_一模_18_02, R_CC0213_2025_门头沟_一模_20_M17_01, R_CC0213_2025_门头沟_一模_20_M17_02, R_CC0213_2025_门头沟_一模_20_M17_03, R_CC0213_2025_门头沟_一模_20_M17_04, R_CC0213_2025_门头沟_一模_20_M17_05, R_CC0213_2025_门头沟_一模_20_M17_06, R_CC0254_2026_丰台_二模_18_01, R_CC0254_2026_丰台_二模_18_06]","[M_CC0143_2025_朝阳_一模_19_06, M_CC0143_2025_朝阳_一模_19_07, M_CC0125_2025_延庆_一模_19_02, M_CC0125_2025_延庆_一模_19_03, M_CC0125_2025_延庆_一模_19_04, M_CC0125_2025_延庆_一模_19_05, M_CC0125_2025_延庆_一模_19_06, M_CC0125_2025_延庆_一模_19_07, M_CC0125_2025_延庆_一模_19_08, M_CC0125_2025_延庆_一模_19_09, M_CC0125_2025_延庆_一模_19_10, M_CC0245_2026_东城_期中_18_2_01, M_CC0245_2026_东城_期中_18_2_03, M_CC0245_2026_东城_期中_18_2_04, M_CC0245_2026_东城_期中_18_2_05, M_CC0245_2026_东城_期中_18_2_06, M_CC0245_2026_东城_期中_18_2_07, M_CC0283_2026_朝阳_一模_18_01, M_CC0283_2026_朝阳_一模_18_02, M_CC0283_2026_朝阳_一模_18_08, M_CC0213_2025_门头沟_一模_20_11, M_CC0213_2025_门头沟_一模_20_12, M_CC0213_2025_门头沟_一模_20_13, M_CC0213_2025_门头沟_一模_20_14, M_CC0254_2026_丰台_二模_18_01, M_CC0254_2026_丰台_二模_18_02, M_CC0254_2026_丰台_二模_18_10, M_CC0254_2026_丰台_二模_18_11]",说明理由；如何调解；维权准备；说明调解作用；完成裁判理由；谈理解,marking_report + evaluation_standard + marking_rubric,formal,设问要求回答为什么、怎么办、怎么看、如何完成裁判理由，还是说明制度作用。,王某有两个诉讼请求；法官调解仅退款纠纷；陈某维权需要准备路径和证据；人民法院坚持调解优先；孙某劳动合同裁判理由；生态调解题要求理解法治与德治。,诉讼请求拆分；调解理由；维权路径；裁判理由；制度作用；法治与德治结合。,CC0143 明确学生误把支持诉讼请求理由审成判决是否正确或怎么做；CC0254 明确机械套法理依据到现实意义模板会偏；不同设问对应不同材料处理和句型。,ask+material+knowledge,若设问问法院为什么支持诉讼请求，应按两个诉讼请求分别写合同撤销和三倍赔偿理由；若设问问如何调解，应写调解结果、诚信理由、合同解除返还货物、证据意识；若设问问维权准备，应写路径选择、证据准备和合理诉求。,"设问指向, 诉讼请求, 调解结果, 维权途径, 证据准备, 裁判理由, 制度作用, 不套模板",高。模板化意义句会错过任务类型。,中。设问小，答案也应小；过度展开会稀释得分点。,中。综合性设问需先辨认是否为法律与生活部分。,高。可帮助学生审题、确定句式和材料调用方式。,CC0254_2026_丰台_二模_18 的 R_CC0254_2026_丰台_二模_18_01 直接指出机械化套某类主观题模板会导致答案不聚焦。,high,yes,这是跨题稳定的学生作答机制，且有阅卷报告直接支持。
W01,AI、虚拟数字人、数字员工等新型材料常被转化为著作权、不正当竞争、名誉权、商业秘密等既有法律路径；但虚拟数字人独立题目前只有 reference_only，不能单独支撑核心 code。,"[CC0040_2024_海淀_一模_19, CC0137_2025_昌平_二模_20, CC0277_2026_房山_二模_18]","[R_CC0040_2024_海淀_一模_19_01, R_CC0137_2025_昌平_二模_20_02, R_CC0137_2025_昌平_二模_20_03, R_CC0137_2025_昌平_二模_20_04, R_CC0277_2026_房山_二模_18_01, R_CC0277_2026_房山_二模_18_02, R_CC0277_2026_房山_二模_18_03, R_CC0277_2026_房山_二模_18_04]","[M_CC0040_2024_海淀_一模_19_01, M_CC0040_2024_海淀_一模_19_02, M_CC0040_2024_海淀_一模_19_05, M_CC0040_2024_海淀_一模_19_06, M_CC0137_2025_昌平_二模_20_15, M_CC0137_2025_昌平_二模_20_16, M_CC0137_2025_昌平_二模_20_17, M_CC0277_2026_房山_二模_18_01, M_CC0277_2026_房山_二模_18_02, M_CC0277_2026_房山_二模_18_03, M_CC0277_2026_房山_二模_18_04]",谈对判决认识；完成裁判理由；说明法律边界和应对措施,teacher_reference_answer + evaluation_standard,reference_only + formal 辅助,新技术材料到底触发著作权、不正当竞争、商业秘密、名誉权，还是一般技术伦理。,虚拟数字人视频被未经许可使用并替换标识；AI 绘图被抹水印使用；数字员工生成虚假负面文章、上传核心代码、生成商业图案。,著作权；信息网络传播权；署名权；反不正当竞争法；商业诋毁；商业秘密；名誉权。,formal 题奖励具体权利和风险识别；reference_only 题仅能显示虚拟数字人可进入著作权和不正当竞争路径。,knowledge+material+value,新技术材料应先判断具体法律权益，如 AI 图片是否具备独创性、虚拟数字人视频是否受著作权保护、虚假负面数据文章是否构成商业诋毁，再写侵权责任和创新保护价值。,"AI, 虚拟数字人, 著作权, 不正当竞争, 商业秘密, 名誉权, 审核义务",高。新技术题很容易写成技术创新价值空话。,中。不宜讨论 AI 是否具有法律人格等超材料问题。,中。AI 材料常混入哲学、经济或科技创新话题。,中高。可作为下一轮重点，但暂不独立入核心 code。,CC0040_2024_海淀_一模_19 为 reference_only，R_CC0040_2024_海淀_一模_19_01 不能单独支撑强观察。,medium,no,存在 formal 辅助证据，但虚拟数字人独立路径证据等级不足。
W02,知识产权可质押、作价出资、发明人报酬可能形成知识产权促进企业融资与创新的观察，但目前主要来自 reference_only。,[CC0311_2026_海淀_二模_18],"[R_CC0311_2026_海淀_二模_18_M17_01, R_CC0311_2026_海淀_二模_18_M17_02, R_CC0311_2026_海淀_二模_18_M17_03, R_CC0311_2026_海淀_二模_18_M17_04, R_CC0311_2026_海淀_二模_18_M17_05]","[M_CC0311_2026_海淀_二模_18_04, M_CC0311_2026_海淀_二模_18_05, M_CC0311_2026_海淀_二模_18_06, M_CC0311_2026_海淀_二模_18_07, M_CC0311_2026_海淀_二模_18_08, M_CC0311_2026_海淀_二模_18_09, M_CC0311_2026_海淀_二模_18_10, M_CC0311_2026_海淀_二模_18_11, M_CC0311_2026_海淀_二模_18_12]",说明法律规定对企业创新发展的作用,teacher_reference_answer,reference_only,知识产权在题中是被侵权对象，还是可融资、可出资、可激励创新的财产权。,民法典将知识产权财产权纳入可质押权利范围；公司法确认知识产权作价出资；专利法奖励发明人。,知识产权财产权；质押；作价出资；专利奖励报酬；企业融资。,分别奖励融资渠道、技术要素转资本、员工创新积极性和企业法治保障。,knowledge+value,知识产权作为财产权可用于质押融资，也可作价出资并激励发明人，有利于促进知识产权流通使用，为企业创新发展提供法治保障。,"知识产权财产权, 质押, 作价出资, 发明人奖励, 融资渠道, 创新激励",中。若只写保护创新，缺少三类法律功能。,中。不宜扩展到担保物权完整规则。,中。材料前半包含思维方法和市场调研内容。,中。需下一轮找 formal 证据验证。,CC0103_2025_丰台_一模_19 的 R_CC0103_2025_丰台_一模_19_01 是 formal，但其路径是技术秘密侵权和典型案例意义，不能证明质押、出资、发明人报酬。,medium,no,reference_only 不能单独支撑核心 code。
W03,年卡、会员权益、平台服务条款等消费合同可能触发格式合同有效性和诚信履行判断，但该具体场景证据等级不足。,[CC0162_2025_海淀_一模_18],"[R_CC0162_2025_海淀_一模_18_M17_01, R_CC0162_2025_海淀_一模_18_M17_02, R_CC0162_2025_海淀_一模_18_M17_03, R_CC0162_2025_海淀_一模_18_M17_04]","[M_CC0162_2025_海淀_一模_18_03, M_CC0162_2025_海淀_一模_18_04, M_CC0162_2025_海淀_一模_18_05, M_CC0162_2025_海淀_一模_18_06, M_CC0162_2025_海淀_一模_18_07, M_CC0162_2025_海淀_一模_18_08]",谈对判决认识,teacher_reference_answer,reference_only,格式合同条款是否有效，游客转售年卡福利是否违反合同和诚信原则。,年卡不可转让、福利仅限本人使用、违反约定可解除合同；游客利用审查漏洞公开转售酒店房间；法院驳回诉讼请求。,格式合同；合同有效；诚信原则；合同解除。,参考答案奖励格式合同有效、违反约定、乐园解除合同、维护市场公平。,knowledge+material+value,游客办理年卡时签订的格式合同意思表示真实且条款符合公平原则，合同有效；其利用漏洞转售福利违反合同约定和诚信原则，主题乐园可按约解除合同。,"格式合同, 合同有效, 诚信原则, 解除合同, 年卡不可转让",中。不能只写规范市场。,中。无需展开格式条款无效全部情形。,低到中。法律场景清楚，但证据等级不足。,中。可作为消费合同场景补充。,CC0317_2026_海淀_期中_18 的 R_CC0317_2026_海淀_期中_18_01 为 formal，显示格式条款也可能无效，不能把格式合同一律写成有效。,medium,no,reference_only，且需与 formal 格式条款题区分有效和无效情形。
W04,未成年人保护法与不正当竞争法交叉可能出现，但本包内该交叉只形成弱信号。,[CC0353_2026_西城_期中_17],[R_CC0353_2026_西城_期中_17_01],"[M_CC0353_2026_西城_期中_17_01, M_CC0353_2026_西城_期中_17_02]",判断判决是否正确并说明理由,teacher_reference_answer,reference_only,行为是否同时损害市场竞争秩序和未成年人保护机制。,B 公司被判构成不正当竞争并赔偿损失；材料同时提及未成年人保护法和反不正当竞争法。,反不正当竞争法；未成年人保护法；侵权责任；司法公正。,参考答案奖励不正当竞争、损害竞争秩序、危害未成年人保护机制和赔偿责任。,knowledge+material+value,若经营者行为既违反反不正当竞争法，又危害未成年人保护机制，应说明其损害竞争秩序和特定群体权益，并承担相应侵权责任。,"未成年人保护法, 反不正当竞争法, 市场竞争秩序, 侵权责任",高。未成年人保护易被写成笼统关爱未成年人。,中。材料不足以展开未成年人网络保护全套制度。,中。缺少完整题干和正式细则。,低到中。需下一轮 formal 证据。,CC0084_2025_东城_二模_19 的 R_CC0084_2025_东城_二模_19_02 为 formal，未成年人题主要走限制民事行为能力人和身体健康权路径，并不必然进入未成年人保护法。,low,no,单条 reference_only，不足以成为核心观察。
W05,社区分歧、充电柜、绿地通行采光类材料可能同时考相邻关系和基层民主协商，但本包中该类证据混杂，暂不能抽成强观察。,"[CC0094_2025_东城_期末_19_3, CC0223_2025_顺义_一模_19]","[R_CC0094_2025_东城_期末_19_3_05, R_CC0094_2025_东城_期末_19_3_06, R_CC0223_2025_顺义_一模_19_M17_02, R_CC0223_2025_顺义_一模_19_M17_03, R_CC0223_2025_顺义_一模_19_M17_05]","[M_CC0094_2025_东城_期末_19_3_01, M_CC0094_2025_东城_期末_19_3_02, M_CC0094_2025_东城_期末_19_3_05, M_CC0094_2025_东城_期末_19_3_06, M_CC0094_2025_东城_期末_19_3_09, M_CC0094_2025_东城_期末_19_3_11, M_CC0223_2025_顺义_一模_19_01, M_CC0223_2025_顺义_一模_19_02, M_CC0223_2025_顺义_一模_19_15]",达成共识；阐释定分止争价值,teacher_reference_answer + evaluation_standard,reference_only + formal 辅助,是相邻关系、民主协商、调解，还是技术方案设计。,绿地、通行、采光、居民分歧；相邻关系原则；民主协商和共同商量；法院调解邻里纠纷。,相邻关系；权利有界限；民主协商；多元纠纷解决。,reference_only 材料指出缺少相邻关系层会丢分，误写技术方案或调解会偏；formal 材料支持相邻关系和调解价值。,knowledge+material+value,社区分歧若涉及绿地、通行、采光，应先写相邻关系和权利义务边界，再根据材料补民主协商或共同商量，不能只设计技术方案。,"相邻关系, 权利义务统一, 权利有界限, 民主协商, 共同商量",高。只写邻里和谐或基层治理不够。,中。不宜把所有分歧都写成民事诉讼或调解。,高。法律与政治模块混合明显。,中。需更多 formal 题验证。,CC0094_2025_东城_期末_19_3 本身为 reference_only，且同一材料中还混入文化、国际经济等片段，不能独立入强观察。,low,no,该题混杂程度高，只能作为审题风险提示。
C01,CC0001 的 question_id 层面发生内容混合：前段材料和细则是政治与法治四下基层，后段又混入好意同乘参考答案和评分说明，不能作为任何强观察依据。,[CC0001_2024_丰台_一模_16],"[R_CC0001_2024_丰台_一模_16_01, R_CC0001_2024_丰台_一模_16_07, R_CC0001_2024_丰台_一模_16_11, R_CC0001_2024_丰台_一模_16_20, R_CC0001_2024_丰台_一模_16_21, R_CC0001_2024_丰台_一模_16_25]","[M_CC0001_2024_丰台_一模_16_01, M_CC0001_2024_丰台_一模_16_02, M_CC0001_2024_丰台_一模_16_07, M_CC0001_2024_丰台_一模_16_14, M_CC0001_2024_丰台_一模_16_15, M_CC0001_2024_丰台_一模_16_16, M_CC0001_2024_丰台_一模_16_17, M_CC0001_2024_丰台_一模_16_18]",内容冲突，政治与法治问法和法律案例答案混入,evaluation_standard,formal 但需回源,当前不能让学生据此判断模块或生成满分句，需先拆分题源。,M_CC0001_2024_丰台_一模_16_01 明确要求运用政治与法治谈四下基层；M_CC0001_2024_丰台_一模_16_14 至 M_CC0001_2024_丰台_一模_16_18 又出现好意同乘、生命权健康权、民法典。,好意同乘和民法典信号混入，但与前段政治题不一致。,细则既有四下基层共性角度，也出现好意同乘法理依据和现实意义，内部不一致。,conflict,暂不生成。,"回源拆分, 题源混入, 四下基层, 好意同乘",高。误用该题会把法律题和政治题混在一起。,高。法律分析没有稳定题干支撑。,极高。,无，需核查后再处理。,CC0002_2024_丰台_一模_17 的 R_CC0002_2024_丰台_一模_17_M17_01 至 R_CC0002_2024_丰台_一模_17_M17_06 和 M_CC0002_2024_丰台_一模_17_01 至 M_CC0002_2024_丰台_一模_17_08 是独立完整的好意同乘 formal 证据。,high,no,同一 question_id 同时承载不同题源内容，需回源切分。
C02,CC0373 的 question_id 层面混入首都都市圈政治题和劳动法、竞业限制评分细则；劳动法原子可以参考，但整题不能直接作为强观察证据。,[CC0373_2026_顺义_一模_17],"[R_CC0373_2026_顺义_一模_17_01, R_CC0373_2026_顺义_一模_17_03, R_CC0373_2026_顺义_一模_17_04, R_CC0373_2026_顺义_一模_17_06, R_CC0373_2026_顺义_一模_17_07]","[M_CC0373_2026_顺义_一模_17_01, M_CC0373_2026_顺义_一模_17_03, M_CC0373_2026_顺义_一模_17_04, M_CC0373_2026_顺义_一模_17_07, M_CC0373_2026_顺义_一模_17_08, M_CC0373_2026_顺义_一模_17_09]",内容冲突，政治制度优势和劳动法案例混入,marking_rubric,formal 但需回源,需先拆出题号 17 与题号 18 的真实边界。,R_CC0373_2026_顺义_一模_17_01 是首都都市圈制度优势；R_CC0373_2026_顺义_一模_17_03 至 R_CC0373_2026_顺义_一模_17_07 是就业歧视和竞业限制。,劳动法平等就业；竞业限制；夫妻共同财产利益一致性。,劳动法部分有明确表态、法律依据、事实依据；但与整题 political rubric 冲突。,conflict,暂不生成；劳动法片段需另行回源拆出。,"回源拆分, 首都都市圈, 平等就业, 竞业限制",高。整题使用会把制度优势答法混入劳动法。,中。劳动片段本身可分析，但题号边界不稳。,极高。,仅劳动法原子有潜在价值，整题无。,CC0181_2025_海淀_期末_21 的 R_CC0181_2025_海淀_期末_21_M17_01 至 R_CC0181_2025_海淀_期末_21_M17_05 可作为竞业限制强证据。,high,no,同一题号中出现不同题目评分细则，需回源核验题号和 slide 边界。
C03,CC0363 与 CC0364 同时包含法律与生活相邻关系部分和逻辑与思维推理部分；法律部分可单独使用，逻辑推理部分不得进入法律主观题观察。,"[CC0363_2026_通州_期中_19, CC0364_2026_通州_期中_19_1]","[R_CC0363_2026_通州_期中_19_02, R_CC0363_2026_通州_期中_19_03, R_CC0364_2026_通州_期中_19_1_01, R_CC0364_2026_通州_期中_19_1_02, R_CC0364_2026_通州_期中_19_1_05, R_CC0364_2026_通州_期中_19_1_06, R_CC0364_2026_通州_期中_19_1_07, R_CC0364_2026_通州_期中_19_1_08]","[M_CC0363_2026_通州_期中_19_01, M_CC0363_2026_通州_期中_19_04, M_CC0363_2026_通州_期中_19_07, M_CC0363_2026_通州_期中_19_08, M_CC0363_2026_通州_期中_19_09, M_CC0363_2026_通州_期中_19_10, M_CC0363_2026_通州_期中_19_11, M_CC0364_2026_通州_期中_19_1_01, M_CC0364_2026_通州_期中_19_1_06, M_CC0364_2026_通州_期中_19_1_08, M_CC0364_2026_通州_期中_19_1_13, M_CC0364_2026_通州_期中_19_1_15, M_CC0364_2026_通州_期中_19_1_16]",第一问法律分析，第二问逻辑推理判断,marking_rubric,formal 但需拆分,当前原子属于法律与生活相邻关系，还是逻辑与思维假言推理。,加装电梯已获业主同意、公示、审批、玻璃设计；同时存在充分条件和必要条件假言推理判断。,相邻关系；民法典；充分条件假言推理；必要条件假言推理。,法律部分奖励民法典相邻关系、事实分析和判决意义；逻辑部分奖励推理形式和规则。,conflict,法律部分可写相邻关系；逻辑部分不生成法律满分句。,"相邻关系, 逻辑与思维, 假言推理, 回源拆分",中。若把逻辑题当法律题，会误判材料作用。,中。若把法律题当逻辑题，会漏法律规则分。,高。,法律第一问可迁移，相邻关系观察已纳入 S12；逻辑第二问不迁移。,R_CC0364_2026_通州_期中_19_1_01 与 M_CC0364_2026_通州_期中_19_1_01、M_CC0364_2026_通州_期中_19_1_06 可支撑相邻关系；R_CC0364_2026_通州_期中_19_1_05 至 R_CC0364_2026_通州_期中_19_1_08 不可支撑法律观察。,high,no,需按问号拆分，不能以整题进入代码本。
C04,CC0305 同一题含经济模块服务性消费分析和法律模块隐私权、消费者欺诈；法律观察只能使用 R04 至 R06 及对应材料原子，不能把整题作为法律题模式。,[CC0305_2026_海淀_一模_18],"[R_CC0305_2026_海淀_一模_18_02, R_CC0305_2026_海淀_一模_18_03, R_CC0305_2026_海淀_一模_18_04, R_CC0305_2026_海淀_一模_18_05, R_CC0305_2026_海淀_一模_18_06]","[M_CC0305_2026_海淀_一模_18_01, M_CC0305_2026_海淀_一模_18_02, M_CC0305_2026_海淀_一模_18_06, M_CC0305_2026_海淀_一模_18_07, M_CC0305_2026_海淀_一模_18_08, M_CC0305_2026_海淀_一模_18_10, M_CC0305_2026_海淀_一模_18_11, M_CC0305_2026_海淀_一模_18_12, M_CC0305_2026_海淀_一模_18_14]",前两问经济分析，第三问法律诉讼请求分析,marking_rubric,formal 但需拆分,当前问目是服务性消费经济意义，还是隐私权与消费者权益法律分析。,前段为居民服务性消费支出和扩大内需；后段为包间监控公开、虚假宣传治疗功效、退款和惩罚性赔偿。,隐私权；侵权责任；消费者知情权；虚假宣传；欺诈；惩罚性赔偿。,法律部分奖励支持诉讼请求、隐私权侵害和消费者欺诈；明确写满足幸福感、获得感、安全感不给分。,conflict,法律部分可写隐私权和消费者权益；整题不生成统一法律句式。,"拆分问目, 隐私权, 消费者权益保护法, 虚假宣传, 惩罚性赔偿",高。经济价值词会污染法律问。,中。法律部分无需处理服务业经济意义。,高。,法律第三问可迁移，整题不可迁移。,R_CC0305_2026_海淀_一模_18_05、R_CC0305_2026_海淀_一模_18_06 与 M_CC0305_2026_海淀_一模_18_07 至 M_CC0305_2026_海淀_一模_18_12 是可用法律原子；R_CC0305_2026_海淀_一模_18_02、R_CC0305_2026_海淀_一模_18_03 不是法律观察依据。,high,no,需保留问目边界，防止把经济题前两问纳入法律主观题观察。
N01,reference_only 题即使法律主题清楚，也不能单独支撑核心 code，只能作为弱观察或验证线索。,"[CC0040_2024_海淀_一模_19, CC0094_2025_东城_期末_19_3, CC0162_2025_海淀_一模_18, CC0311_2026_海淀_二模_18, CC0353_2026_西城_期中_17]","[R_CC0040_2024_海淀_一模_19_01, R_CC0094_2025_东城_期末_19_3_01, R_CC0094_2025_东城_期末_19_3_05, R_CC0162_2025_海淀_一模_18_M17_01, R_CC0162_2025_海淀_一模_18_M17_02, R_CC0162_2025_海淀_一模_18_M17_03, R_CC0311_2026_海淀_二模_18_M17_01, R_CC0311_2026_海淀_二模_18_M17_05, R_CC0353_2026_西城_期中_17_01]","[M_CC0040_2024_海淀_一模_19_01, M_CC0040_2024_海淀_一模_19_02, M_CC0094_2025_东城_期末_19_3_01, M_CC0094_2025_东城_期末_19_3_02, M_CC0162_2025_海淀_一模_18_03, M_CC0162_2025_海淀_一模_18_04, M_CC0311_2026_海淀_二模_18_04, M_CC0311_2026_海淀_二模_18_05, M_CC0353_2026_西城_期中_17_01]",多种，均为参考答案或混杂讲评,teacher_reference_answer,reference_only,不能把这些题的参考答案当正式评分细则。,虚拟数字人、社区分歧、主题乐园年卡、知识产权融资、未成年人保护法与不正当竞争。,著作权、不正当竞争、格式合同、知识产权财产权、未成年人保护。,仅见参考答案或弱材料，缺正式评分细则支撑。,weak_reference,不生成强句式，仅记录为验证方向。,"reference_only, 弱观察, 不单独支撑核心 code",中。,中。,中到高。,低到中，需 formal 证据补强。,S01 至 S14 均至少含 formal 证据，具备更高优先级。,high,no,用户口径明确 reference_only 只能形成弱观察，不能单独支撑核心 code。
N02,新质生产力、金融五篇大文章、人类命运共同体、马克思主义中国化、文化创新等热词题不应因出现在候选包中而进入选必二法律主观题观察。,"[CC0047_2024_海淀_二模_21, CC0070_2024_顺义_二模_19, CC0218_2025_顺义_一模_16, CC0240_2026_东城_二模_21, CC0250_2026_丰台_一模_19, CC0294_2026_朝阳_二模_20_2, CC0358_2026_通州_一模_17]","[R_CC0047_2024_海淀_二模_21_01, R_CC0070_2024_顺义_二模_19_02, R_CC0218_2025_顺义_一模_16_01, R_CC0218_2025_顺义_一模_16_02, R_CC0240_2026_东城_二模_21_01, R_CC0240_2026_东城_二模_21_02, R_CC0250_2026_丰台_一模_19_01, R_CC0294_2026_朝阳_二模_20_2_01, R_CC0294_2026_朝阳_二模_20_2_02, R_CC0358_2026_通州_一模_17_01, R_CC0358_2026_通州_一模_17_02]","[M_CC0047_2024_海淀_二模_21_01, M_CC0047_2024_海淀_二模_21_02, M_CC0070_2024_顺义_二模_19_01, M_CC0070_2024_顺义_二模_19_02, M_CC0218_2025_顺义_一模_16_01, M_CC0218_2025_顺义_一模_16_02, M_CC0240_2026_东城_二模_21_01, M_CC0240_2026_东城_二模_21_02, M_CC0250_2026_丰台_一模_19_01, M_CC0250_2026_丰台_一模_19_02, M_CC0294_2026_朝阳_二模_20_2_01, M_CC0294_2026_朝阳_二模_20_2_02, M_CC0358_2026_通州_一模_17_01, M_CC0358_2026_通州_一模_17_02]",综合运用所学；经济、哲学、文化、国际政治经济类认识题,marking_rubric + evaluation_standard,formal 但非法律主观题,这些题考查模块不是选必二法律规则或制度。,党的领导、制度优势、新质生产力、金融强国、人类命运共同体、联系发展矛盾、文化双创、国际政治经济。,无稳定法律规则触发。,奖励政治、经济、哲学、文化、国际政治经济知识，不奖励法律关系判断。,non_law,不生成法律满分句。,"非法律主观题, 模块剔除, 热词不入",极高。若纳入会把法律观察泛化成政治口号。,低。主要风险是模块误入。,极高。,无。,CC0025_2024_朝阳_二模_17、CC0143_2025_朝阳_一模_19、CC0244_2026_东城_期中_18 均有明确法律与生活设问和评分规则，可作为保留边界。,high,no,这些题的材料和细则缺少法律关系、法律责任或程序路径奖励。
N03,纯价值话术不能单独上升为观察节点；价值分在多数题中是法律判断后的附加或总结。,"[CC0002_2024_丰台_一模_17, CC0143_2025_朝阳_一模_19, CC0251_2026_丰台_一模_20, CC0084_2025_东城_二模_19, CC0254_2026_丰台_二模_18]","[R_CC0002_2024_丰台_一模_17_M17_04, R_CC0002_2024_丰台_一模_17_M17_05, R_CC0002_2024_丰台_一模_17_M17_06, R_CC0143_2025_朝阳_一模_19_10, R_CC0084_2025_东城_二模_19_11, R_CC0254_2026_丰台_二模_18_01, R_CC0254_2026_丰台_二模_18_03, R_CC0254_2026_丰台_二模_18_06]","[M_CC0002_2024_丰台_一模_17_01, M_CC0002_2024_丰台_一模_17_02, M_CC0002_2024_丰台_一模_17_08, M_CC0143_2025_朝阳_一模_19_05, M_CC0143_2025_朝阳_一模_19_07, M_CC0084_2025_东城_二模_19_13, M_CC0254_2026_丰台_二模_18_01, M_CC0254_2026_丰台_二模_18_02, M_CC0254_2026_丰台_二模_18_10, M_CC0254_2026_丰台_二模_18_11]",意义类；理由类；谈理解,evaluation_standard + marking_report + marking_rubric,formal,价值表达是否由具体法律规则和材料事实推出。,好意同乘减责、网络消费欺诈、格式条款、法治与德治调解。,好意同乘；消费者权益保护；格式条款；侵权责任；调解。,价值常作为 1 到 3 分总结，但核心分仍在法理依据、材料分析、行为定性。,value_after_law,价值句应写成：该判决在依法处理具体法律关系后，有利于维护某主体合法权益、规范某类行为、促进某种秩序。,"法律规则先行, 材料事实, 价值总结, 不空泛",极高。,低到中。,中。空泛价值话术易滑向必修三或哲学。,可作为风险提示，不作为独立节点。,R_CC0143_2025_朝阳_一模_19_08 和 R_CC0143_2025_朝阳_一模_19_09 显示必须先写欺诈事实和消费者权益保护法，才能支撑后续意义。,high,no,价值表达依附于法律判断，不能单独指导审题或生成核心得分句。
N04,法考式四要件或复杂案例分析不能普遍化为高中法律主观题通用节点；有些题只需按细则写小而准的规则和事实对应。,"[CC0244_2026_东城_期中_18, CC0143_2025_朝阳_一模_19, CC0125_2025_延庆_一模_19, CC0245_2026_东城_期中_18_2]","[R_CC0244_2026_东城_期中_18_05, R_CC0244_2026_东城_期中_18_06, R_CC0244_2026_东城_期中_18_08, R_CC0143_2025_朝阳_一模_19_17, R_CC0143_2025_朝阳_一模_19_22, R_CC0125_2025_延庆_一模_19_M17_01, R_CC0125_2025_延庆_一模_19_M17_02, R_CC0245_2026_东城_期中_18_2_01, R_CC0245_2026_东城_期中_18_2_03]","[M_CC0244_2026_东城_期中_18_04, M_CC0244_2026_东城_期中_18_05, M_CC0244_2026_东城_期中_18_06, M_CC0143_2025_朝阳_一模_19_05, M_CC0143_2025_朝阳_一模_19_08, M_CC0125_2025_延庆_一模_19_02, M_CC0125_2025_延庆_一模_19_03, M_CC0125_2025_延庆_一模_19_06, M_CC0245_2026_东城_期中_18_2_05, M_CC0245_2026_东城_期中_18_2_06, M_CC0245_2026_东城_期中_18_2_07, M_CC0245_2026_东城_期中_18_2_11]",法律责任分析；诉讼请求理由；调解；维权准备,marking_rubric + marking_report + evaluation_standard,formal,题目是否真的要求完整侵权构成，还是只要求合同成立、欺诈、调解理由或维权路径。,无人机题需要区分违约和侵权；机票题需要写两个诉讼请求；仅退款题需要调解理由；维权题需要路径和证据。,违约责任；侵权责任；消费者欺诈；调解；证据。,部分题明示侵权路径，但其他题要求更具体的细则点；过度扩展无法替代指定得分点。,precision_over_complexity,先按设问和材料确定路径，再写题内规则与事实对应；不要把所有案件都套完整侵权四要件。,"路径判断, 精准, 不泛化, 不过度分析",中。,极高。,低到中。,作为风险提示可迁移，不作为独立强节点。,R_CC0244_2026_东城_期中_18_08 虽提供多路径逻辑，但 R_CC0125_2025_延庆_一模_19_M17_01 至 R_CC0125_2025_延庆_一模_19_M17_04 说明调解题的得分重心并非完整责任构成。,high,no,高中主观题判分强调题内细则和材料触发，复杂法理不能一概迁移。
N05,书写、等级卷、教学建议、复练题片段不应直接转成法律观察；它们只能用于识别学生风险或下一轮验证方向。,"[CC0254_2026_丰台_二模_18, CC0245_2026_东城_期中_18_2, CC0143_2025_朝阳_一模_19]","[R_CC0254_2026_丰台_二模_18_05, R_CC0254_2026_丰台_二模_18_08, R_CC0254_2026_丰台_二模_18_09, R_CC0245_2026_东城_期中_18_2_04, R_CC0143_2025_朝阳_一模_19_18, R_CC0143_2025_朝阳_一模_19_24, R_CC0143_2025_朝阳_一模_19_25]","[M_CC0254_2026_丰台_二模_18_13, M_CC0254_2026_丰台_二模_18_14, M_CC0254_2026_丰台_二模_18_15, M_CC0254_2026_丰台_二模_18_16, M_CC0254_2026_丰台_二模_18_17, M_CC0245_2026_东城_期中_18_2_13, M_CC0245_2026_东城_期中_18_2_14, M_CC0143_2025_朝阳_一模_19_01, M_CC0143_2025_朝阳_一模_19_02]",学生问题与建议；复练试题；教学启示,marking_rubric + marking_report,formal 但非核心评分原子,这些内容是阅卷教学信息，还是正式题目得分点。,字迹潦草、短周期夯实知识、复练试题、课堂训练建议。,无稳定规则；仅提示侵权责任、违约责任、相邻关系、劳动关系等训练方向。,这些片段本身不直接奖励学生本题作答，或只作为阅卷建议。,teaching_feedback,不生成。,"教学建议, 复练, 学生问题, 不直接入 code",中。,中。,中。,低。可作为错因库，不作为代码本核心观察。,R_CC0245_2026_东城_期中_18_2_01 是该题正式维权准备细则，可与 R_CC0245_2026_东城_期中_18_2_04 教学建议区分。,high,no,它们有助于诊断，但不能替代题源生长的法律观察。
V01,需要补充更多 formal 的 AI 与数字权益题，验证 AI 作品、虚拟数字人、数字员工、平台算法风险是否都只是既有权利路径的材料包装。,"[CC0040_2024_海淀_一模_19, CC0137_2025_昌平_二模_20, CC0277_2026_房山_二模_18]","[R_CC0040_2024_海淀_一模_19_01, R_CC0137_2025_昌平_二模_20_02, R_CC0137_2025_昌平_二模_20_03, R_CC0137_2025_昌平_二模_20_04, R_CC0277_2026_房山_二模_18_01, R_CC0277_2026_房山_二模_18_04]","[M_CC0040_2024_海淀_一模_19_01, M_CC0040_2024_海淀_一模_19_05, M_CC0137_2025_昌平_二模_20_15, M_CC0137_2025_昌平_二模_20_16, M_CC0137_2025_昌平_二模_20_17, M_CC0277_2026_房山_二模_18_01, M_CC0277_2026_房山_二模_18_02, M_CC0277_2026_房山_二模_18_03]",新型技术法律边界,reference_only + evaluation_standard,weak_to_formal_mixed,新技术材料是否触发著作权、不正当竞争、商业秘密、人格权或消费者权益。,虚拟数字人视频使用、AI 图片抹水印、数字员工商业风险。,著作权；不正当竞争；商业秘密；名誉权。,当前有 formal 但分散，需更多正式细则验证稳定性。,next_round_validation,暂不固定。,"AI, 数字权益, 著作权, 不正当竞争, 商业秘密",高。,中。,中。,待验证。,CC0040_2024_海淀_一模_19 为 reference_only，不能独立支撑。,medium,no,新型材料正在出现，但证据等级和题型稳定性还需补强。
V02,需要补充更多 formal 的身份分层题，尤其是未成年人、劳动者、经营者、平台、用人单位、相邻权利人之间的最小判断差异。,"[CC0084_2025_东城_二模_19, CC0200_2025_西城_二模_18, CC0025_2024_朝阳_二模_17, CC0181_2025_海淀_期末_21, CC0319_2026_海淀_期中_19]","[R_CC0084_2025_东城_二模_19_02, R_CC0084_2025_东城_二模_19_07, R_CC0200_2025_西城_二模_18_01, R_CC0025_2024_朝阳_二模_17_09, R_CC0181_2025_海淀_期末_21_M17_04, R_CC0181_2025_海淀_期末_21_M17_05, R_CC0319_2026_海淀_期中_19_01]","[M_CC0084_2025_东城_二模_19_02, M_CC0200_2025_西城_二模_18_01, M_CC0200_2025_西城_二模_18_06, M_CC0025_2024_朝阳_二模_17_03, M_CC0025_2024_朝阳_二模_17_06, M_CC0181_2025_海淀_期末_21_03, M_CC0181_2025_海淀_期末_21_08, M_CC0319_2026_海淀_期中_19_01, M_CC0319_2026_海淀_期中_19_02]",裁判理由；评析；说明意义,marking_report + marking_rubric + lecture_explicit_scoring,formal,主体身份决定合同效力、责任路径、权利义务或制度适用。,13 岁文身、17 岁打赏、平台劳动者、高级管理人员与普通员工、经营者技术抢票。,限制民事行为能力人；劳动关系；竞业限制；经营者不正当竞争。,多题都奖励主体身份判断，但下一轮需验证是否能形成统一审题观察。,next_round_validation,先定主体身份，再定法律关系或责任路径。,"主体身份, 限制民事行为能力人, 劳动者, 用人单位, 经营者, 相邻权利人",高。,中。,低到中。,高，待进一步聚合。,CC0240_2026_东城_二模_21 的 R_CC0240_2026_东城_二模_21_02 是金融强国综合题，不适用身份分层法律观察。,medium_high,pending,已有多题 formal 支撑，但还需区分主体身份观察和具体制度观察，避免过宽。
V03,需要重点验证程序路径题是否稳定区分协商、调解、仲裁、诉讼、行政诉讼、举证责任，以及学生误把所有纠纷写成调解或起诉的扣分边界。,"[CC0125_2025_延庆_一模_19, CC0245_2026_东城_期中_18_2, CC0325_2026_石景山_一模_18, CC0223_2025_顺义_一模_19, CC0094_2025_东城_期末_19_3]","[R_CC0125_2025_延庆_一模_19_M17_01, R_CC0125_2025_延庆_一模_19_M17_04, R_CC0245_2026_东城_期中_18_2_01, R_CC0245_2026_东城_期中_18_2_03, R_CC0325_2026_石景山_一模_18_01, R_CC0325_2026_石景山_一模_18_02, R_CC0325_2026_石景山_一模_18_03, R_CC0223_2025_顺义_一模_19_M17_01, R_CC0094_2025_东城_期末_19_3_11]","[M_CC0125_2025_延庆_一模_19_02, M_CC0125_2025_延庆_一模_19_03, M_CC0125_2025_延庆_一模_19_07, M_CC0245_2026_东城_期中_18_2_03, M_CC0245_2026_东城_期中_18_2_05, M_CC0245_2026_东城_期中_18_2_06, M_CC0245_2026_东城_期中_18_2_11, M_CC0325_2026_石景山_一模_18_02, M_CC0325_2026_石景山_一模_18_06, M_CC0325_2026_石景山_一模_18_07, M_CC0223_2025_顺义_一模_19_01, M_CC0223_2025_顺义_一模_19_02, M_CC0094_2025_东城_期末_19_3_11]",调解；维权准备；举证责任；纠纷解决方式,evaluation_standard + marking_rubric + teacher_reference_answer,formal + reference_only 辅助,程序路径是否适合当前材料状态。,标的较小、协商未果、仲裁协议、起诉材料、举证责任、行政行为合法性、分歧被误判为调解。,调解；仲裁；诉讼；行政诉讼；举证责任；证据意识。,已有 formal 支撑，但需要更多题验证不同程序路径之间的边界。,next_round_validation,按材料状态选择路径，说明理由和准备事项。,"程序路径, 协商未果, 仲裁协议, 起诉, 举证责任, 行政诉讼",高。,中。,中。,高，待更多 formal 题校准。,CC0094_2025_东城_期末_19_3 为 reference_only 且指出误把分歧当调解，只能作为风险例。,medium_high,pending,程序题是高迁移机制，但仍需细化不同程序触发条件。
V04,需要补充遗嘱、继承、婚姻家庭、人格权以外的人身关系题；当前包内这些领域正式强证据不足或混入其他模块。,"[CC0259_2026_丰台_期中_19, CC0373_2026_顺义_一模_17]","[R_CC0259_2026_丰台_期中_19_01, R_CC0259_2026_丰台_期中_19_02, R_CC0373_2026_顺义_一模_17_07]","[M_CC0259_2026_丰台_期中_19_01, M_CC0259_2026_丰台_期中_19_02, M_CC0259_2026_丰台_期中_19_03, M_CC0373_2026_顺义_一模_17_08, M_CC0373_2026_顺义_一模_17_09]",题源混杂，待补正式题型,evaluation_standard + marking_rubric,formal 但混杂,是否真考遗赠扶养协议、夫妻共同财产，还是其他模块评分内容。,遗赠扶养协议纠纷案材料；夫妻共同财产利益一致性出现在竞业限制细则中。,遗赠扶养协议；夫妻共同财产；竞业限制关联利益。,当前题号混杂严重，不能抽取婚姻家庭或继承强观察。,next_round_gap,暂不生成。,"遗赠扶养协议, 夫妻共同财产, 婚姻家庭, 继承, 待补证据",中。,高。材料不足时容易法考化扩展。,高。,待验证。,CC0259_2026_丰台_期中_19 的 ask_text 和 R_CC0259_2026_丰台_期中_19_01 至 R_CC0259_2026_丰台_期中_19_02 指向四大全球倡议或审题建议，遗赠材料无法直接使用。,medium,no,当前证据无法稳定支持婚姻家庭或继承类观察，需要补 formal 清洁题源。
